,cmt1,cmt2,cmt3,cmt4,cmt5,cmt6,cmt7,cmt8,cmt9,cmt10,cmt11,cmt12,cmt13,cmt14,cmt15,cmt16,cmt17,cmt18,cmt19,cmt20,cmt21
TCGA-FS-A1ZU-06A,-5.66,5.99,0.14,2.63,0.9,-4.99,0.65,9.81,-5.97,-0.41,-10.33,-2.04,1.29,-2.16,1.5,11.85,-0.32,0,1.63,0,-7.2
TCGA-EE-A29L-06A,0.08,1.74,0.1,1.13,-3.18,-5.29,0.97,-1.55,-0.9,-0.26,2.9,-0.68,1.07,0.89,0.06,10.37,-0.2,0,0.11,0,18.4
TCGA-D3-A3CF-06A,-3.62,4.17,0.21,1.28,-1.06,-2.87,0.3,5.74,-3.5,-0.25,1.24,-0.37,1.74,-1.91,-1.09,13.54,-0.2,0,0.18,0,6.67
TCGA-EE-A3AC-06A,0.44,0.5,0.12,-0.17,-3.35,-1.84,0.33,4.13,-0.41,-0.2,6.87,-2.1,2.35,1.33,-0.51,13.1,-0.08,0.01,-0.57,0,17.05
TCGA-XV-AAZV-01A,-9.76,11.72,0.29,3.57,5.08,-2.02,0,14.08,-10.28,-0.47,-14.86,0.02,2.42,-9.62,5.13,17.38,-0.45,0,1.64,0,16.15
TCGA-ER-A19B-06A,-3.43,3.67,0.16,-0.49,-3.58,-1.01,-0.13,-2.44,-4.24,-0.21,3.04,0.09,6.61,-3.67,-3.38,14.57,-0.18,0,1.57,0,5.61
TCGA-GN-A26C-01A,-5.84,7.05,0.24,2.05,3.24,1,-0.28,8.98,-6.33,-0.32,-7.79,-1.15,2.69,-5.46,-0.81,15.87,-0.35,0,1.5,0,-9.84
TCGA-D3-A2JG-06A,-6.24,8.88,0.26,3.15,2.05,-4.28,0.69,1,-6.94,-0.4,-12.12,-0.97,0.43,-6.3,1.34,13.28,-0.35,0,1.64,0,19.18
TCGA-EB-A44N-01A,-4.37,5.56,0.18,0.91,-0.57,-1.21,0.19,8.05,-4.4,-0.28,0.12,0.05,3.82,-1.8,-1,13.91,-0.24,0,0.32,0,13.14
TCGA-GN-A4U7-06A,-12,13.03,0.28,7.62,6.63,-7.44,0.78,9.09,-10.99,-0.65,-14.82,-0.31,-8.46,-13.36,7.54,15.14,-0.46,-0.01,1.64,0,19.21
TCGA-EE-A2GD-06A,-1.26,0.34,0.24,0.18,-3.37,2.56,0.15,1.76,1.56,-0.06,6.59,-2.45,5.58,4.97,-4.16,14.14,-0.2,0.01,0.08,0,-2.24
TCGA-DA-A1IA-06A,-13.75,13.29,0.38,18.25,13.18,-9.52,0.91,20.77,-13.09,-0.72,-14.99,-2.59,-8.34,-15.87,8.19,19.49,-0.57,-0.01,1.64,0.01,19.9
TCGA-GN-A26D-06A,-0.39,4.38,0.19,2.22,-3.23,-2.88,0.43,6.72,-0.76,-0.22,0.02,-0.55,2.53,2.6,0.36,13.01,-0.22,0.01,0.53,0,-4.15
TCGA-EE-A20F-06A,-2.57,5.79,0.15,1.7,-1.3,-4.39,0.31,-1.96,-3.94,-0.3,-0.41,-0.22,2.48,-1.78,-1.15,13.26,-0.24,0,1.25,0,3.74
TCGA-EE-A29D-06A,-1.94,2.5,0.12,0.83,-2.82,-3.47,0.61,0.2,0.1,-0.15,4.85,-1.92,2.29,2.05,-0.48,12.73,-0.1,0.01,0.31,0,16.51
TCGA-DA-A95W-06A,-5.9,8.5,0.18,3.36,-0.05,-5.58,0.85,3.05,-7.66,-0.45,-7.68,-3.02,0.26,-6.75,3.59,13.86,-0.32,0,1.63,0,19.56
TCGA-WE-A8K5-06A,-5.51,8.5,0.15,2.16,0.47,-4.96,0.52,0.48,-5.94,-0.42,-4.28,-2.12,2.67,-5.8,2.04,13.26,-0.28,0,1.45,0,19.06
TCGA-D3-A5GN-06A,0.31,0.71,0.07,-1.26,-4.14,1.97,-0.26,-2.96,-2.81,-0.03,6.01,-0.3,6.07,1.67,-4.67,14.37,-0.01,0,-0.23,0,-12.76
TCGA-EE-A20H-06A,1.81,-1.54,-0.04,-1.99,-5.64,0.89,-0.24,-5.31,-4.16,-0.09,5.63,-0.2,6.27,2.89,-4.63,12.94,-0.03,0,-0.03,0,-14.42
TCGA-FS-A1ZE-06A,0.3,2.59,0.2,0.1,-2.81,-0.55,0.61,4.53,0.23,-0.16,5.23,-2.11,3.21,2.84,-4.6,12.09,-0.16,0,0.12,0,13.15
TCGA-FS-A1ZZ-06A,-0.07,0.99,0.14,-0.27,-4.26,-3.37,0.61,-3.19,1.15,-0.12,6.41,-1.56,1.89,0.68,-4.82,12.88,-0.09,0,-0.94,0,-5.78
TCGA-D9-A1X3-06A,-0.81,2.33,0.17,-0.81,-3.29,-1.78,0.76,-0.67,0.69,-0.17,4.21,-2.1,1.82,2.17,-1.26,12.26,-0.16,0.01,0.14,0,14.29
TCGA-FS-A4F0-06A,2.58,-2.27,0.11,-0.37,-3.18,-1.97,1.02,-6.47,3.22,-0.09,7.5,-3.44,3.8,5.21,-1.08,11.35,-0.07,0.01,-0.97,0,5.21
TCGA-EE-A2MD-06A,-0.82,1.88,0.13,0.59,-3.97,-2.97,0.49,-3.52,-0.62,-0.17,4.43,-0.21,1.94,1.26,-1.11,12.02,-0.14,0,0.26,0,16.91
TCGA-ER-A2ND-06A,-10.33,11.84,0.32,7.77,5.37,-7.14,0.88,11.41,-11.49,-0.58,-14.94,-1.41,-8.31,-11.79,6.03,14.59,-0.44,-0.01,1.64,0,19.56
TCGA-XV-A9W2-01A,-8.38,10.32,0.2,3.91,4.81,-5.53,0.5,12.73,-8.49,-0.49,-14.73,-0.39,-0.54,-7.62,3.2,14.01,-0.38,0,1.63,0,18.61
TCGA-BF-A9VF-01A,-11.76,12.62,0.33,9.48,7.71,-8.58,0.94,16.48,-11.34,-0.64,-14.98,-0.75,-8.45,-13.46,8.19,15.88,-0.5,-0.01,1.64,0,19.55
TCGA-BF-AAP8-01A,-6.65,9.03,0.26,4.78,3.11,-6.04,0.67,8.64,-8.36,-0.45,-13.96,-0.61,-5.07,-8.24,5.09,13.48,-0.39,0,1.62,0,18.83
TCGA-D3-A3CB-06A,-5.73,5.86,0.24,-0.22,1.37,-1.61,0.19,1.17,-3.15,-0.29,-0.27,-1.96,5.25,-2.35,-1,15.68,-0.3,0,1.49,0,17.58
TCGA-D3-A2JB-06A,-5.46,5.91,0.19,0,0.04,-2.89,0.18,5.83,-5.83,-0.31,-2.04,-0.42,2.17,-2.63,-1.15,13.66,-0.25,0,0.85,0,15.18
TCGA-FW-A5DY-06A,-6.38,5.78,0.24,1.07,0.97,-0.86,0.26,4.88,-4.08,-0.26,0.56,-1.23,2.68,-2.93,-0.6,15.13,-0.29,0,0.74,0,9.22
TCGA-D3-A2JA-06A,-1.82,0.03,0.1,-1.47,-1.76,4.02,-0.56,3.41,-2.23,-0.08,4.87,-0.34,6.15,1.65,-1.44,14.33,-0.08,0,-0.39,0,-17.72
TCGA-FS-A4F4-06A,-12.12,13.35,0.33,13.9,10.03,-8.51,0.59,17.47,-12.35,-0.69,-14.76,-0.35,-8.38,-14.05,8.35,17.08,-0.51,-0.01,1.63,0,18.95
TCGA-BF-AAP7-01A,-13.06,12.94,0.34,10.68,9.15,-7.99,0.46,16.23,-11.5,-0.64,-14.74,-0.38,-7.73,-13.15,8.01,17.43,-0.49,-0.01,1.64,0,19.16
TCGA-WE-A8ZR-06A,-0.66,0.63,0.14,0.31,-2.53,-4.32,0.61,5.42,1.14,-0.24,4.57,-1.9,1.8,0.09,-1.25,12.75,-0.11,0,0,0,18.93
TCGA-D3-A3CC-06A,-3.29,4.23,0.2,1.13,-1.63,-2.75,0.53,7.91,-2.61,-0.28,0.84,-0.46,1.44,-0.96,0.55,13.21,-0.29,0,1.49,0,18.75
TCGA-EE-A2M5-06A,-1.3,5.19,0.05,-0.68,0.51,1.07,-0.38,-2.57,-4.26,-0.2,-0.4,-0.57,5.23,0.97,-1.05,12.55,-0.22,0,1.33,0,-6.4
TCGA-D3-A8GV-06A,-8.1,11.03,0.16,4.34,2.13,-4.71,0.41,1.03,-8.76,-0.5,-12.13,-0.17,1.93,-7.59,3.07,14.72,-0.34,0,1.63,0,18.65
TCGA-EE-A2MH-06A,-4.14,6.12,0.24,1.95,-1.11,-2.61,0.3,2.14,-4.89,-0.31,-0.08,-0.44,2.45,-3.49,-1.32,14.53,-0.28,0,1.35,0,14.36
TCGA-D9-A4Z2-01A,-1.87,4.77,0.12,0.12,-4.99,-1.17,0.21,-4.48,-3.61,-0.18,4.1,0.16,5.75,0.56,-4.76,12.61,-0.14,0.01,0.44,0,11.37
TCGA-3N-A9WB-06A,-5.71,7.53,0.15,3.23,0.25,-5.72,0.7,8.62,-6.5,-0.42,-0.66,-2.11,-0.74,-4.37,5.28,13.46,-0.27,0,1.35,0,19.48
TCGA-ER-A19H-06A,-0.46,0.54,0.06,0.32,-4.51,-0.57,0.05,-6.9,-1.84,-0.16,5.51,-0.15,6.06,2.31,-5.98,12.82,-0.12,0.01,-0.23,0,-3.34
TCGA-YD-A9TB-06A,-1.15,1.71,0.14,0.03,-3.66,-1.45,0.29,1.8,-1.45,-0.15,4.57,-0.21,5.25,1.45,-4.84,12.74,-0.11,0,-0.08,0,-5.61
TCGA-EB-A4XL-01A,-5.47,5.75,0.24,2.01,0.07,-2.38,0.22,9.32,-4.28,-0.36,0.25,0.28,3.74,-2.63,0.33,13.54,-0.3,0,0.85,0,17.54
TCGA-EB-A3XB-01A,-4.85,6.21,0.21,2.1,-0.52,-4.83,0.52,3.45,-4.85,-0.31,0.1,-0.61,0.87,-2.13,0.58,13.92,-0.26,0,0.67,0,15.99
TCGA-ER-A194-01A,-13.01,13.59,0.38,20.29,14.78,-10.64,0.91,20.61,-13.64,-0.74,-14.8,-0.73,-8.34,-17.29,8.79,19.9,-0.54,-0.01,1.63,0.01,19.51
TCGA-GF-A6C9-06A,-7.33,8.26,0.21,2.01,3.44,-1.07,-0.33,6.79,-7.21,-0.41,-14.55,-0.19,2.08,-6.47,1.09,15.7,-0.36,0,1.63,0,-5.43
TCGA-EB-A5UL-06A,-5.43,8.01,0.13,2.78,0.11,-4.36,0.42,5.16,-5.72,-0.36,-3.71,-0.26,1.62,-3.99,1.68,14.24,-0.24,0,1.59,0,18.87
TCGA-EB-A3Y7-01A,-14.35,13.57,0.37,19.3,14.81,-10.52,0.86,22.93,-13.87,-0.76,-14.95,-0.41,-8.6,-17.22,8.8,18.37,-0.57,-0.01,1.64,0.01,19.08
TCGA-BF-A1PZ-01A,-8.07,10.12,0.23,4.17,3.28,-6.31,0.61,3.58,-6.68,-0.48,-7.36,-0.46,-1.46,-5.46,6.08,15.48,-0.33,0,1.63,0,16.3
TCGA-D3-A3BZ-06A,-9.56,10.52,0.24,3.9,4.05,-3.88,0.26,7.98,-7.61,-0.5,-13.84,-0.18,-5.54,-9.31,5.53,15.45,-0.39,0,1.63,0,17.39
TCGA-EE-A3JD-06A,2.77,-2.02,0.06,-3.15,-3.03,2.99,-0.47,0.66,1.08,0.11,5.52,-0.5,5.68,4.44,-3.05,13.42,0.01,0,-0.51,0,-18.63
TCGA-WE-A8K4-01A,-6.39,8.6,0.24,2.91,2.41,-6.45,0.55,3.53,-4.67,-0.41,-1.56,-0.49,-1.88,-6.08,3.59,14.09,-0.35,0,1.59,0,19.02
TCGA-DA-A3F3-06A,0.6,1.43,0.05,-1.75,-4.61,-1.83,0.32,-5.51,1.22,-0.1,7.07,-0.32,5.49,2.96,-6.36,11.63,0.03,0.01,-0.82,0,-9.24
TCGA-GF-A769-01A,-1.29,4.51,0.06,0.75,-1.37,-1.9,0.05,-2.48,-3.12,-0.14,1.36,-0.24,5.05,-0.87,-0.99,14.51,-0.1,0,0.55,0,10.1
TCGA-D3-A8GN-06A,-7.5,8.04,0.23,3.66,0.49,-4.39,0.25,2.4,-5.63,-0.44,-6.97,-0.37,-1.22,-6.51,-0.22,15.55,-0.31,0,1.49,0,17.49
TCGA-D9-A6EA-06A,-3.33,6.47,0.17,0.51,-1.26,-2.39,0.61,5.7,-2.85,-0.34,1.61,-0.44,1.83,-0.04,0.98,15.2,-0.23,0,0.34,0,18.94
TCGA-WE-A8ZO-06A,-1.44,0.79,0.16,-0.36,-2.99,-1.93,0.46,-0.96,0.22,-0.14,5.11,-1.82,3.61,1.73,-6.28,13.88,-0.17,0.01,-0.65,0,-6.98
TCGA-3N-A9WD-06A,-8.04,9.34,0.26,3.22,2.66,-3.53,0.46,9.98,-7.97,-0.44,-13.45,0.03,1.59,-6.93,0.42,14.45,-0.38,0,1.62,0,15.74
TCGA-EB-A3Y6-01A,-4.57,8.22,0.22,2.53,-0.06,-4.74,0.47,3.85,-4.14,-0.37,1.17,-0.4,1.54,-4.07,0.01,14.02,-0.28,0,1.41,0,17.72
TCGA-D3-A8GD-06A,-6.02,4.31,0.19,1.18,-0.38,-3.6,0.31,1.49,-4.1,-0.32,-1.23,-0.57,1.95,-3.88,-1.03,14.23,-0.23,0,0.28,0,15.49
TCGA-ER-A19F-06A,-1.85,4.25,0.1,0.89,-2.17,-4.14,0.28,-3.96,-0.86,-0.2,2.72,-0.28,1.94,-0.4,-1.08,12.79,-0.15,0,0.48,0,8.2
TCGA-EB-A5UN-06A,-1.25,5.79,0.19,0.58,-3.44,-1.78,0.24,4.51,-0.77,-0.17,6.53,-0.88,2.44,-0.48,-4.66,15.26,-0.2,0,-0.17,0,8.34
TCGA-D3-A3CE-06A,-0.32,0.74,0.08,-1.66,-4.3,-0.57,0.12,-5.26,-1.48,-0.09,5.93,-0.83,5.52,3.22,-4.78,14.04,-0.08,0.01,-0.66,0,-10
TCGA-WE-A8ZX-06A,-5.51,5.64,0.09,1.56,0.51,-4.13,0.29,-3.93,-7.57,-0.39,-9.9,0.01,1.8,-4.69,0.96,13.83,-0.28,0,1.62,0,17.05
TCGA-Z2-AA3V-06A,-14.3,13.63,0.4,23.33,15.64,-10.27,0.77,22.81,-14.2,-0.76,-14.81,-0.01,-8.3,-17.84,8.81,20.51,-0.56,-0.01,1.64,0.01,18.98
TCGA-EE-A2GT-06A,-9.99,10.85,0.27,5.17,4.72,-4.46,0.59,12.91,-8.18,-0.45,-14.76,-0.47,-2.27,-8.66,7,15.74,-0.41,0,1.63,0,15.75
TCGA-FS-A4F9-06A,-1.9,4.8,0.16,2.28,0.95,-2.39,1,4.83,-2.73,-0.3,-5.44,-2.78,1.97,-1.26,-0.05,12.21,-0.29,0,1.47,0,12.65
TCGA-EB-A431-01A,-2.63,5.05,0.15,0.62,-2.61,-3.41,0.52,-0.18,-1.66,-0.29,1.99,-0.42,2.16,-0.31,-0.95,12.65,-0.23,0,0.66,0,16.17
TCGA-FR-A3R1-01A,3.57,-1.49,0.08,-0.86,-2.95,-2.8,0.53,-4.8,1.97,-0.1,7.47,-0.97,1.85,3.95,-0.82,14.02,-0.1,0.01,-0.51,0,-7.17
TCGA-W3-AA1R-06A,-3.28,6.09,0.09,1.97,-2.04,-4.36,0.6,-3.25,-4.67,-0.32,-0.14,-0.3,0.99,-1.95,0.92,14.14,-0.18,0,0.98,0,15.94
TCGA-D9-A6E9-06A,-13.11,12.73,0.34,9.66,8.31,-7.69,0.53,13.8,-10.66,-0.66,-15.02,-0.83,-8.79,-13.57,8.02,18.97,-0.49,0,1.64,0,19.41
TCGA-D3-A3MV-06A,-2.4,1.92,0.08,-0.27,-2.71,0.54,-0.1,-4.22,-3.57,-0.14,2.02,-0.05,5.74,-0.57,-1.12,13.76,-0.1,0,0.29,0,-11.85
TCGA-ER-A19P-06A,-5.56,4.38,0.22,0.13,-0.67,-0.93,0.1,0.49,-3.05,-0.2,1.47,-0.48,2.79,-1.46,-1.09,14.2,-0.24,0,0.03,0,-6.3
TCGA-EB-A5VU-01A,0.16,1.8,0.09,-0.28,-4.72,-1.67,0.08,3.28,-2.96,-0.1,2.27,0.11,2.93,1.17,-1.16,11.44,-0.14,0,0.13,0,2.37
TCGA-BF-A3DL-01A,-13.39,13.37,0.35,16.6,12.46,-8.78,0.77,18.53,-13.05,-0.7,-14.88,-0.38,-8.63,-15.15,8.4,18.11,-0.56,-0.01,1.64,0.01,19.16
TCGA-EE-A29S-06A,-2.81,4.84,0.15,0.64,-0.9,-3.12,0.45,0.13,-3.94,-0.31,2.25,-1.88,1.35,-0.59,-1.52,13.78,-0.26,0,0.98,0,14.85
TCGA-EE-A2GI-06A,-5.66,7.74,0.16,1.62,-0.22,-4.25,0.36,-1.5,-6.08,-0.41,-4.2,-0.23,1.56,-5.16,0.9,13.82,-0.3,0,1.61,0,15.38
TCGA-EB-A44Q-06A,-4.54,4.13,0.22,1.3,-0.02,-5.02,0.44,3.01,-1.65,-0.36,1.25,-0.82,0.65,-2.64,1.42,13.8,-0.31,0,0.63,0,19.26
TCGA-GF-A6C8-06A,-4.06,4.29,0.09,0.35,-0.87,-1.86,0,4.81,-5.55,-0.3,-2.2,-0.42,4.97,-2.45,-0.1,12.97,-0.2,0,0.65,0,-0.22
TCGA-DA-A960-01A,-12.53,13.18,0.36,19.23,12.59,-9.41,1.1,20.86,-13.59,-0.72,-14.52,-0.46,-8.66,-16.1,8.78,16.38,-0.52,-0.01,1.63,0.01,19.48
TCGA-FR-A8YE-06A,-2.73,1.84,0.22,-0.46,-3.09,2.36,-0.32,5.93,-2.47,-0.12,4.09,-0.24,5.09,-1.23,-1.83,14.39,-0.22,0,-0.02,0,-11.69
TCGA-ER-A42H-01A,-2.97,6.76,0.15,2.26,0.36,-4.1,0.96,3.36,-4.38,-0.37,-7.22,-3.3,3.06,-3.61,0.5,11.46,-0.18,0,1.45,0,19.03
TCGA-EB-A4IS-01A,-4.29,4.18,0.2,0.54,-0.22,-1.81,0.26,-0.03,-3.86,-0.3,0.54,-0.27,2.4,-2.22,-1.01,14.35,-0.24,0,-0.01,0,7.8
TCGA-W3-AA21-06A,-10.37,11.96,0.26,6.64,4.37,-7.59,0.73,7.41,-10.08,-0.58,-14.67,-1.39,-7.83,-11.23,6.12,16,-0.43,0,1.62,0,18.81
TCGA-D3-A2JC-06A,-6.36,7.51,0.25,2.12,-1.39,-4.45,0.08,4.45,-4.43,-0.28,0.85,-1.34,2.39,-3.89,-0.45,15.56,-0.35,0,1.54,0,19.01
TCGA-EE-A20C-06A,-1.89,6.41,0.15,0.31,-1.34,-1.47,0.21,-1.35,-1.98,-0.18,1.06,-1.01,6.29,1.3,-0.61,14.09,-0.21,0,0.35,0,-7.38
TCGA-FS-A1ZA-06A,-0.28,2.2,0.13,-0.83,-2.12,0.22,-0.3,-2.46,-2.69,-0.06,3.75,-0.7,6.23,0.66,-1.21,14.36,-0.12,0,0.41,0,-10.67
TCGA-W3-AA1W-06A,-5.36,4.45,0.25,1.3,0.38,-5.42,0.57,6.83,-2.55,-0.32,-0.2,-1.68,1.24,-4.71,1.62,14.84,-0.35,0,0.38,0,19.19
TCGA-EE-A2A6-06A,-2.11,3.68,0.17,0.43,-4.36,-1.74,0.28,5.28,-0.46,-0.17,5.22,-0.72,2.55,-0.01,-1.1,14.3,-0.17,0,0,0,17.62
TCGA-GN-A263-01A,-2.62,6.72,0.14,0.88,0.25,-3.13,0.48,3.47,-2.82,-0.18,-2.15,-0.42,-0.36,-2.84,1.04,11.24,-0.29,0,1.35,0,0.4
TCGA-DA-A3F5-06A,-5.23,6.07,0.14,0.02,0.29,1.08,-0.27,3.88,-5.92,-0.28,-9.89,-1.37,2.97,-4.02,-0.95,16.32,-0.23,0,1.63,0,-1.03
TCGA-FR-A2OS-01A,1.52,-0.87,0.08,-1.35,-3.65,-1.17,0.36,2.13,0.49,-0.12,5.28,-0.77,4.77,4.37,-4.65,11.44,-0.09,0.01,-0.17,0,-8.51
TCGA-EE-A2GB-06A,0.41,3.65,0.14,0.29,-5.74,-3.26,0.42,-6.34,0.49,-0.16,6.5,0.15,3.35,-0.18,-1.18,12.32,-0.1,0,0.17,0,16.41
TCGA-DA-A1I7-06A,-4.01,4.28,0.21,-0.77,-0.59,1.23,-0.33,-0.5,-4.58,-0.16,-0.88,-1.65,5.27,-1.27,-1.3,17.55,-0.24,0,1.55,0,-5.84
TCGA-EB-A3XD-01A,-13.41,12.8,0.36,10.03,10.06,-6.37,0.54,18.47,-10.42,-0.63,-15.04,0.04,-8.18,-13.08,7.76,17.2,-0.53,0,1.64,0,19.13
TCGA-D3-A2JN-06A,-9.14,8.45,0.23,1.42,3.28,-1.94,-0.32,8.94,-10.37,-0.4,-14.11,-0.25,5.44,-6.83,-1.29,15.82,-0.36,0,1.63,0,-5.01
TCGA-DA-A1I1-06A,-2.44,1.57,0.17,0.12,-3.29,-1.17,0.03,-1.75,-1.05,-0.18,4.81,-1.03,1.97,1.65,-6.45,15.58,-0.19,0.01,-0.3,0,4.46
TCGA-WE-A8ZQ-06A,-1.9,3.04,0.12,0.41,-3.46,1.87,0.16,-4.07,-3.95,-0.2,4.07,-1.59,5.63,-0.03,-4.57,13.58,-0.08,0,-0.48,0,-10.95
TCGA-D3-A3C8-06A,-6.87,7.49,0.21,0.45,2.64,-1.5,-0.06,9.39,-5.13,-0.32,-8.66,-1.46,2.81,-4.06,1.37,15.17,-0.34,0,0.73,0,-5.89
TCGA-EE-A3J7-06A,-0.35,0.56,0.13,-1.38,-3.6,-2.62,0.61,-2.25,-3.23,-0.2,4.76,-3.02,5.37,0.63,-0.9,13.07,-0.15,0,0.08,0,9.11
TCGA-ER-A19T-01A,-3.31,6.3,0.12,2.16,-1.64,-1.44,0.51,0.73,-3.05,-0.24,-2.32,-0.45,2.37,-0.14,0.08,12.5,-0.18,0,0.89,0,8.95
TCGA-EE-A29H-06A,-6.36,9.12,0.17,3.4,0.11,-5.25,0.48,1.94,-3.88,-0.34,1.85,-0.03,0.8,-2.24,0.45,14.97,-0.34,0,1.62,0,17.86
TCGA-XV-AAZW-01A,-8.28,9.22,0.21,4.59,2.07,-4.6,0.32,6.01,-8.5,-0.47,-13.09,0,2.4,-6.84,4.07,13.89,-0.35,0,1.63,0,16.74
TCGA-D9-A4Z5-01A,-6.09,8.73,0.28,1.77,2.09,-1.43,0.36,8.22,-6.05,-0.41,-11.69,-0.28,1.49,-4,4.36,15.46,-0.33,0,1.61,0,16.4
TCGA-LH-A9QB-06A,-4.56,5.77,0.22,0.07,-0.09,-0.94,-0.24,1.11,-4.69,-0.21,1.17,-2.66,5.56,0.41,-3.33,15.16,-0.17,0,0.64,0,-9.41
TCGA-EE-A2MI-06A,-0.49,0.52,0.19,-1.87,-2.63,5.03,-0.42,-2.85,-1.68,-0.02,5.17,-0.59,5.54,2.1,-4.66,14.54,-0.14,0,-0.08,0,-16.27
TCGA-ER-A19E-06A,-1.28,-0.37,0.01,-0.34,-2.68,1.3,-0.23,-3.12,-3.7,-0.15,2.73,-0.79,5.84,1.21,-1.15,10.56,-0.04,0,0.08,0,-18.79
TCGA-D3-A3C6-06A,-0.98,4.9,0.08,0.44,-2.74,-4.47,0.2,-4.62,-4.62,-0.28,0.83,-0.2,5.19,-0.59,-1.19,12.37,-0.13,0,0.43,0,-2.51
TCGA-ER-A3EV-06A,-10.09,11.1,0.19,8.01,5.98,-5.79,0.73,4.27,-9.83,-0.46,-15,-0.31,-5.02,-8.85,7.47,15.53,-0.35,0,1.62,0,16.15
TCGA-D3-A2JE-06A,-1.99,2.96,0.03,0.03,-2.38,-1.7,0.57,-7.33,-3.41,-0.24,0.94,-1.2,3.18,2.04,-1.16,10.94,-0.13,0.01,0.25,0,2.92
TCGA-DA-A1HV-06A,-4.52,6.73,0.18,1.33,-1.37,-2.93,0.25,-0.78,-5.62,-0.29,-1.51,-1.1,2.71,-2.22,0.52,14.84,-0.26,0,1.46,0,13.39
TCGA-EB-A6R0-01A,-1.45,0.54,0.12,0.24,-3.03,-2.39,0.42,-3.69,-0.89,-0.19,4.83,-0.23,2.97,1.36,-4.12,11.9,-0.09,0,-0.9,0,-3.04
TCGA-EE-A2GC-06A,1.95,-2,0.13,-0.9,-5.46,-0.2,0.42,-5.19,3.7,-0.05,6.85,-1.3,2.86,4.01,-4.56,12.7,0.01,0.01,-0.35,0,-9.15
TCGA-EE-A3J5-06A,-5.78,7.34,0.13,2.68,0.07,-3.47,0.35,4.92,-5.57,-0.32,-5.25,0.13,0.57,-4.31,1.19,13.33,-0.31,0,1.59,0,16.93
TCGA-D9-A3Z4-01A,-2.23,3.99,0.15,1.3,-2.64,-2.61,0.32,1.56,-3.61,-0.25,2.53,-1.28,2.65,-0.94,-1.19,13.92,-0.16,0,0.08,0,11.03
TCGA-EE-A2GH-06A,-7.63,8.41,0.24,2.91,2.02,-3.93,0.2,3.04,-8.8,-0.42,-13.89,-0.41,0.93,-6.18,2.61,14.96,-0.37,0,1.63,0,16.05
TCGA-XV-AAZY-01A,-14.39,13.66,0.37,18.61,14.11,-10.34,0.85,19.84,-13.84,-0.75,-14.48,0.09,-8.55,-17.07,8.68,18.85,-0.56,-0.01,1.63,0.01,19.12
TCGA-ER-A19S-06A,-4.9,5.09,0.23,-0.52,-1.04,-2.42,0.13,3.06,-2.38,-0.21,2.57,-1.28,4.36,-0.57,-1.3,15.65,-0.29,0,0.17,0,-2.79
TCGA-3N-A9WC-06A,-3.59,6.15,0.2,1.35,-1.89,-2.99,0.27,1.34,-2.52,-0.22,2.88,-1.39,2.98,-0.15,-1.46,14.46,-0.22,0,0.02,0,1.48
TCGA-EE-A29P-06A,-3.89,4.45,0.2,0.97,-1.63,-4.3,0.52,1.27,-3.65,-0.32,0.5,-2.57,1.5,-0.11,-1.08,14.54,-0.27,0,0.21,0,11.32
TCGA-GN-A4U3-06A,-4.22,4.92,0.08,1.55,-2.87,-0.65,0.29,5.64,-3.53,-0.29,1.67,0.24,3.37,-0.52,-0.45,14,-0.19,0,0.75,0,13.55
TCGA-FS-A1ZN-01A,-0.87,2.56,0.16,0.37,-3.21,-1.86,0.35,-1.34,-0.04,-0.15,5.74,-0.92,4.88,1.65,-1.24,13.57,-0.13,0.01,-0.01,0,-1.47
TCGA-FS-A1Z3-06A,0.53,-1.86,0.13,-0.53,-5.92,-1.5,0.42,-6.81,1.6,-0.08,7.15,-0.64,5.19,4.37,-4.59,11.52,0.03,0.01,-0.52,0,-6.78
TCGA-BF-A3DN-01A,-0.83,1.05,0.14,-1.25,-4.6,0.45,0.15,-2.16,0.65,-0.08,6.88,-0.15,5.44,2.39,-6.4,13.02,-0.08,0.01,-0.8,0,-6.76
TCGA-YD-A89C-06A,-6.05,5.94,0.1,1.82,-0.84,-3.31,0.24,2.96,-7.26,-0.37,-10.79,-0.28,3.82,-4.58,0.74,11.54,-0.26,0,1.56,0,-10.46
TCGA-ER-A19M-06A,-1.67,3.56,0.09,0.01,-1.55,-2.58,0.17,-4.34,-2.97,-0.21,2.1,-0.34,3.87,-0.82,-1.28,14.04,-0.22,0,1.24,0,4.09
TCGA-FS-A1ZM-06A,-3.15,4.57,0.21,0.64,-2.77,0.09,-0.07,0.59,-3.68,-0.16,1.02,-1.23,4.25,2.05,-4.33,16.19,-0.16,0,0.25,0,-2.21
TCGA-EE-A181-06A,-1.96,2.65,0.1,0.83,-2.21,-2.67,0.39,-2.43,-0.46,-0.23,6.13,-0.17,1.6,1.2,-1.27,13.45,-0.14,0.01,-0.15,0,1.47
TCGA-EE-A3AD-06A,-1.12,4.97,0.17,0.66,-3.4,-2.26,0.38,4.1,-2.32,-0.14,6.64,-0.41,2.67,2.12,-1.44,13.25,-0.24,0,0.08,0,12.72
TCGA-EE-A3AA-06A,1.46,0.81,0.12,-1.5,-4.64,0.16,-0.01,3.7,1.36,-0.14,7.26,-0.6,5.24,2.84,-4.56,14.02,-0.14,0.01,-0.45,0,-6.12
TCGA-RP-A6K9-06A,-6.87,8.56,0.29,2.86,2.08,-5.87,0.58,5.07,-5.17,-0.43,-9.06,-0.4,-5.23,-6.07,1.23,14.87,-0.36,0,1.64,0,19.37
TCGA-EE-A2GM-06B,-3.1,3.95,0.18,0.49,-1.83,-4.78,0.52,-4.04,-3.98,-0.27,1.86,-0.12,1.84,-1.97,1.6,13.37,-0.22,0,1.15,0,19.41
TCGA-EB-A3XF-01A,-2.16,4.01,0.14,-0.05,-2.59,-1.76,0.43,1.42,-2.01,-0.18,2.68,-0.07,2.7,-1.24,-1.11,13.6,-0.22,0.01,-0.05,0,0.43
TCGA-WE-AAA4-06A,-13.9,13.42,0.39,15.96,13.6,-9.65,0.6,18.94,-13.21,-0.72,-14.93,0.02,-8.64,-15.92,8.53,19.97,-0.56,-0.01,1.64,0.01,19.25
TCGA-WE-A8ZN-06A,-13.45,13.5,0.36,16.53,12.09,-8.95,0.6,19.62,-13.21,-0.71,-14.85,-0.47,-8.44,-16.08,8.4,17.43,-0.54,-0.01,1.63,0.01,18.77
TCGA-EE-A29R-06A,-2.48,3.04,0.15,-0.84,-1.5,-0.08,0.02,-4.31,-3.56,-0.13,1.78,-0.46,5.31,-0.79,-6.2,14.3,-0.14,0,0.4,0,-8.88
TCGA-EB-A3XE-01A,-12.78,12.63,0.37,9.65,9.06,-7.66,0.64,17.71,-11.09,-0.63,-15.03,-0.74,-8.34,-13.33,7.14,17.17,-0.51,-0.01,1.64,0,19.24
TCGA-EB-A550-01A,-6.65,7.63,0.26,1.26,1.72,-0.53,0.24,6.69,-5.91,-0.33,-8.32,0.34,3.13,-3.17,0.59,14.46,-0.34,0,1.57,0,10.91
TCGA-DA-A1I2-06A,0.2,1.8,0.1,0.45,-4.51,-1.32,0.25,2.8,-0.35,-0.18,5.37,-0.4,2.92,2.68,-2.62,13.65,-0.09,0.01,-0.8,0,-1.4
TCGA-EE-A2MP-06A,-7.19,9,0.24,2.22,0.59,-2.57,0.19,0.51,-5.78,-0.36,-1.4,-0.04,3.51,-4.16,-0.33,15.02,-0.31,0,1.62,0,17.66
TCGA-EE-A3JE-06A,-1.49,1.51,0.17,-0.9,-2.66,1.07,-0.16,-1.96,-0.64,-0.03,4.25,-0.66,4.86,2.42,-1.25,14.49,-0.16,0.01,-0.41,0,-13.27
TCGA-GF-A3OT-06A,-4.91,4.68,0.13,0.12,0.8,1.81,-0.53,2.65,-3.63,-0.22,-5.71,-0.37,5.76,-0.44,-1,13.32,-0.3,0,1.63,0,-9.69
TCGA-DA-A1HY-06A,-0.09,0.28,0.14,-3.55,-3.17,4.61,-0.57,-5.99,-2.13,0.04,5.97,0,6.27,2.84,-6.46,15,-0.06,0,0,0,-16.44
TCGA-EE-A3AF-06A,-9.54,10.29,0.25,5,3.3,-7.09,0.6,10.15,-7.36,-0.49,-13.37,-0.59,-4.94,-7.92,5.91,15.39,-0.4,0,1.64,0,19.55
TCGA-GN-A4U8-06A,-3.61,6.52,0.13,1.16,-1.6,-2.78,0.28,-2.04,-5.18,-0.3,0.46,-0.46,3.1,-3.13,-0.44,13.44,-0.2,0,0.67,0,12.25
TCGA-D3-A1Q6-06A,4.54,-1.8,0.13,-5.21,-5.09,3.27,-0.34,-7.82,-0.62,0.14,6.85,-0.47,6.11,4.43,-4.79,12.68,0.01,0,-0.27,0,-16.04
TCGA-FS-A1YW-06A,-0.49,2.27,0.18,1.07,-3.58,-2.36,0.48,-3.66,1.11,-0.17,5.06,-0.74,2.83,2.11,-0.96,11.6,-0.15,0.01,0.74,0,5.62
TCGA-D3-A2JD-06A,-12.4,13.4,0.34,11.34,9.75,-8.43,0.59,10.87,-11.51,-0.67,-14.96,0.09,-8.73,-14.12,8.31,18.67,-0.51,-0.01,1.63,0,19.21
TCGA-IH-A3EA-01A,-12.25,13.07,0.32,12.77,10.54,-9.44,0.83,16.08,-11.27,-0.63,-14.83,-0.8,-8.92,-13.68,8.49,18.08,-0.49,-0.01,1.64,0,19.73
TCGA-D9-A6EG-06A,-1.55,4.4,0.14,1.88,-0.36,-3.07,0.8,5.85,-4.03,-0.3,3.36,-1.08,1.68,-1.43,-0.75,12.61,-0.28,0,1.31,0,19.58
TCGA-ER-A19A-06A,-3.87,2.71,0.2,-0.65,-0.15,1.33,-0.37,7.39,-1.74,-0.17,1.26,-0.28,4.82,-0.06,-1.08,14.74,-0.27,0,0.17,0,-13.42
TCGA-ER-A42L-06A,-5.52,5.72,0.21,0.93,-0.18,-1.19,0,4.48,-4.91,-0.23,-0.57,-0.46,2.94,-2.87,0.99,15.31,-0.31,0,0.42,0,5.62
TCGA-EE-A29E-06A,-3.45,7.21,0.15,1.36,-1.05,-3.33,0.41,4.58,-5.39,-0.35,0.17,-0.26,1.07,-4.42,1.28,13.14,-0.27,0,1.58,0,16.91
TCGA-YG-AA3N-01A,-12.09,12.64,0.35,11.53,9.91,-8.79,0.77,14.45,-10.49,-0.66,-14.9,-0.78,-8.64,-12.26,8.27,17.45,-0.51,0,1.64,0,19.44
TCGA-EE-A2MR-06A,-0.64,-0.56,0.12,-1.8,-1.67,2.7,-0.41,3.73,-1.37,-0.09,4.32,-0.85,5.54,2.45,-0.98,12.75,-0.13,0,-0.12,0,-16.73
TCGA-D3-A3ML-06A,-0.1,4.71,0.13,-0.18,-2.32,-4.2,0.74,2,-1.23,-0.15,5.61,-3.09,1.87,-0.04,-0.44,12.95,-0.21,0,0.07,0,9.31
TCGA-EB-A24D-01A,-1.47,1.65,0.15,1.9,-3.76,-2.86,0.77,4.39,0.05,-0.17,2.62,-2.58,0.79,-1.23,-1.47,13.06,-0.11,0.01,0.07,0,2.31
TCGA-D3-A2JP-06A,-7.84,9.75,0.23,2.27,-0.21,-3.26,0.08,2.47,-8.62,-0.39,-10.83,-0.02,2.38,-6.8,0.5,14.79,-0.35,0,1.61,0,15.33
TCGA-EE-A3AG-06A,-1.78,2.98,0.01,-1.59,-1.51,0.58,-0.37,-4.62,-5.86,-0.15,-0.45,-0.1,5.71,-0.01,-5.67,12.65,-0.09,0,0.95,0,-15
TCGA-EE-A2MT-06A,-2.01,4.75,0.11,0.91,-1.16,-2.13,0.16,4.04,-2.54,-0.17,2.14,-1.54,2.81,-1.51,-1.23,14.36,-0.15,0,0.26,0,0.41
TCGA-D3-A5GR-06A,-1.93,-0.02,0.14,-0.65,-3.54,2.64,-0.21,-2.88,-2.01,-0.1,5.01,-0.65,5.83,2.23,-6.17,14.54,-0.15,0,-0.03,0,-8.49
TCGA-EE-A2M6-06A,-1.68,1.13,0.01,-1.79,-3.05,-1.95,0.18,-5.2,-4.65,-0.18,-0.96,-0.28,5.28,1.28,-4.29,12.21,-0.12,0,0.34,0,-11.56
TCGA-ER-A197-06A,-7.76,8.04,0.26,2.83,3.12,-4.43,0.41,3.92,-6.37,-0.46,-12.51,-0.57,-1.59,-5.36,1.68,15.55,-0.34,0,1.59,0,16.44
TCGA-EE-A2GP-06A,1.77,-2.69,0.05,-3.23,-5.58,0.1,0.08,-5.57,1.76,-0.01,8.7,-0.56,6.41,6.4,-6.21,11.56,0.05,0.01,-0.49,0,-10.44
TCGA-ER-A19Q-06A,-7.58,8.39,0.23,2.46,0.76,-4.39,0.25,5.49,-5.12,-0.39,-2.02,0.02,0.15,-2.99,1.94,15.91,-0.32,0,1.64,0,18.84
TCGA-FS-A1Z0-06A,0.93,-2.44,0.01,-2.2,-4.92,-0.46,0.11,1.83,-0.07,-0.03,7.95,-0.5,6.01,4.48,-4.54,11.8,-0.01,0.01,-0.76,0,-14.9
TCGA-EE-A2GN-06A,-5.57,4.94,0.16,2.35,-1.4,-2.54,0.49,1.01,-4.62,-0.36,0.55,-0.17,1.95,-3.18,2.66,13.69,-0.3,0,1.59,0,15.47
TCGA-WE-A8K6-06A,-7.39,10.17,0.25,2.71,1.83,-0.82,-0.02,4.32,-8.66,-0.34,-12.59,-0.52,3.21,-6.17,-1.42,16.7,-0.37,0,1.62,0,-2.73
TCGA-BF-A5EQ-01A,-6.55,7.93,0.26,2.05,0.72,-4.89,0.75,10.63,-4.85,-0.41,-8.14,-1.09,0.61,-4.5,1.62,15.02,-0.37,0,1.53,0,17.53
TCGA-EB-A3HV-01A,-11.95,12.94,0.33,11.8,8.68,-5.71,0.44,18,-10.84,-0.6,-14.85,0.11,-6.8,-12.59,7.42,18.34,-0.53,0,1.64,0,19.25
TCGA-D3-A8GO-06A,-10.93,11.7,0.33,7.04,4.32,-4.32,0.14,10.19,-11.85,-0.51,-14.59,-0.33,0.7,-11.55,4.5,16.07,-0.44,0,1.63,0,17.69
TCGA-EB-A41B-01A,-7.86,9.07,0.24,3.86,0.25,-4.15,0.74,4.18,-5.98,-0.49,-8.9,-0.99,-1.07,-6.69,2.1,12.34,-0.34,0,1.64,0,18.98
TCGA-D3-A51K-06A,-12.64,13.09,0.3,15.44,11.27,-9.1,0.84,14.85,-13.37,-0.71,-15.05,-0.31,-8.01,-14.82,8.53,16.48,-0.5,-0.01,1.62,0.01,18.77
TCGA-ER-A193-06A,-4.57,5.17,0.18,2.12,-0.56,-2.94,0.26,7.23,-2.99,-0.32,1.09,-0.42,1.85,-2.95,0.21,14.19,-0.31,0,0.79,0,16.3
TCGA-EB-A5UM-01A,-10.82,12.27,0.33,9.08,7.24,-7.5,0.82,17.13,-10.74,-0.57,-14.96,-1.91,-6.96,-11.98,7.87,16.21,-0.49,-0.01,1.64,0,19.93
TCGA-D3-A51G-06A,1.81,-2.87,-0.05,-3.31,-3.53,3.52,-0.62,-1.21,-1.91,-0.02,7.31,-0.27,6.25,3.37,-4.61,12.49,0.01,0,-0.51,0,-17.8
TCGA-D3-A1Q4-06A,-3.77,1.69,0.16,1.03,-1.98,0.97,-0.39,5.14,-4.22,-0.16,1.47,-0.44,6.37,0.23,-1.08,13.74,-0.2,0,1.27,0,-12.39
TCGA-D3-A2JH-06A,-2.04,3.7,0.13,0.08,-1.8,-2.43,0.29,-3.72,-3.03,-0.23,3.09,-0.38,2.57,-0.85,-1.08,14.1,-0.15,0,-0.11,0,2.33
TCGA-FS-A1ZW-06A,5.19,-4.46,-0.02,-3.38,-6.92,1.96,-0.07,-9.91,4.81,0.28,8.5,-0.83,5.87,8.39,-4.94,12.32,0.16,0.01,-1.07,0,-18.01
TCGA-EB-A1NK-01A,-10.74,12.52,0.29,8.47,7.17,-7.17,0.57,15.83,-9.81,-0.63,-14.7,0.06,-8.18,-11.83,7.73,16.91,-0.49,0,1.63,0,18.86
TCGA-EE-A2GS-06A,-4.41,4.06,0.13,1.99,-2.05,-1.76,0.23,-0.13,-3.43,-0.28,0.56,-0.17,4.69,-0.14,-1.21,12.69,-0.16,0,-0.22,0,-8.56
TCGA-HR-A2OG-06A,-3.82,1.35,0.21,-0.29,-3.35,3.68,-0.38,-0.58,-3.83,-0.1,4.07,-0.09,6.12,0.4,-6.76,14.89,-0.19,0,0.38,0,-9.28
TCGA-BF-A5EO-01A,-13.03,13.21,0.34,13.54,10.55,-8.77,0.52,16.47,-12.57,-0.69,-14.97,0.18,-8.01,-14.27,7.74,18.68,-0.54,-0.01,1.63,0.01,18.87
TCGA-EE-A29C-06A,-9.62,11.46,0.23,5.43,4.26,-6.29,0.51,10.02,-8.74,-0.51,-14.85,-0.28,-7.34,-9.89,6,14.84,-0.42,0,1.63,0,18.73
TCGA-GN-A262-06A,-8.31,11.3,0.22,3.92,2.17,-6.06,0.58,2.16,-9.17,-0.52,-15.12,-0.79,2.3,-8.97,7.22,13.15,-0.35,0,1.63,0,19.18
TCGA-BF-A5EP-01A,-7.72,8.79,0.24,2.42,1.16,-3.68,0.49,3.64,-8.06,-0.42,-12.04,-0.29,-0.52,-6.76,2,15.47,-0.3,0,1.63,0,16.49
TCGA-W3-AA1V-06B,0.55,-1.24,-0.02,-0.55,0.14,2.57,-0.35,-6.32,-1.3,-0.05,0.93,-2.43,5.18,3.09,-1.61,12.54,-0.1,0,-0.15,0,-12.04
TCGA-GF-A4EO-06A,-3.85,3.22,0.21,0.15,-1.97,1.54,-0.02,-1.16,-2.32,-0.14,1.79,-0.45,4.36,-0.02,-4.95,14.23,-0.17,0,0.13,0,-4.16
TCGA-FW-A3R5-06A,0.76,2.03,0.09,0.59,-1.95,-1.04,0.59,4.95,2,-0.19,2.43,-1.66,1.78,-0.37,-0.81,12.07,-0.17,0,0.25,0,14.16
TCGA-FS-A1ZD-06A,2.54,-2.71,0.03,-2.82,-4.79,4.77,-0.52,0.9,-1,0.08,8.67,-0.38,7.48,4.62,-4.82,11.32,0.1,0.01,-0.3,0,-18.97
TCGA-ER-A19O-06A,-12.99,13.33,0.38,18.67,13.87,-9.07,0.53,20.42,-12.4,-0.71,-14.82,0.05,-8.02,-15.83,8.54,20.23,-0.56,-0.01,1.64,0.01,19.36
TCGA-EB-A430-01A,-8.83,9.98,0.19,3.98,1.27,-6.01,0.49,10.36,-8.12,-0.51,-9.34,-0.02,-5.76,-8.7,6.91,15.18,-0.39,0,1.61,0,18.27
TCGA-FS-A1ZK-06A,-1.75,2.1,0.09,1.89,-2.12,-2.89,0.6,0.99,-0.96,-0.26,3.68,-1.04,2.37,1.38,-0.93,13.01,-0.15,0.01,0.62,0,13.38
TCGA-D3-A8GK-06A,-8.38,9.34,0.18,3.99,2.42,-7.52,0.66,9.85,-6.88,-0.5,-13.53,-1.25,-2.6,-7.4,6.84,13.76,-0.36,0,1.62,0,17.58
TCGA-EE-A2GJ-06A,-1.21,0.17,0.14,-0.61,-4.4,-1.06,0.51,-1.28,0.86,-0.14,7.3,-2.76,3.85,3.01,-4.94,12.91,-0.13,0.01,-0.36,0,-1.7
TCGA-D3-A3C7-06A,-8.03,7.51,0.3,1.59,-0.04,1.23,-0.37,7.85,-8.27,-0.35,-13.7,-0.44,4.81,-6.46,-2.34,16.8,-0.39,0,1.64,0,-6.45
TCGA-YG-AA3P-06A,-1.25,7.11,0.16,2.76,-1.41,-3.39,0.83,6.65,-5.11,-0.34,-5.63,-2.12,3,-1.9,0.7,11.48,-0.26,0,0.96,0,3.99
TCGA-ER-A19J-06A,-1.93,4.46,0.15,0.46,-1.65,-3.07,0.55,-3.05,-2.81,-0.26,3.51,-0.34,2.44,0.83,-0.54,13.67,-0.22,0.01,0.54,0,7.63
TCGA-EE-A2MF-06A,0.97,0.82,0.12,0.18,-2.47,-2.97,0.61,-4.49,-0.06,-0.14,5.1,-1.94,4.74,1.81,-1.38,11.92,-0.11,0.01,-0.83,0,-9.13
TCGA-EE-A29N-06A,-1.27,3.08,0.11,0.93,-3.27,-2.49,0.33,0.71,-0.88,-0.18,3.34,-1.12,2.25,-0.44,-1.24,13.24,-0.08,0,0.1,0,13.88
TCGA-FR-A7U8-06A,-7.92,10.85,0.2,4.92,4.12,-6.7,0.68,2.78,-9.19,-0.5,-14.86,-0.86,-4.68,-7.74,5.3,14.31,-0.38,0,1.62,0,18.55
TCGA-ER-A19C-06A,-3.74,5.91,0.19,1.19,-2.44,-2.73,0.42,8.16,-2.59,-0.28,0.64,-0.46,1.99,-2.82,-0.91,14.23,-0.3,0,1.61,0,17.85
TCGA-ER-A19D-06A,-3.69,-1.62,0.1,-1.47,-2.17,2.11,-0.34,4.33,-3.75,-0.1,3.95,-0.46,7.24,2.67,-4.54,11.79,-0.14,0,0.02,0,-15.66
TCGA-EE-A2MM-06A,1.22,-0.49,0.07,-2.37,-2.14,0.54,0.23,3.98,-0.63,-0.11,6.11,-2.38,3.82,2.85,-4.6,11.49,0.01,0,-0.54,0,-13.9
TCGA-D3-A2J9-06A,-3.77,3.88,0.19,0.03,-1.33,-0.33,-0.01,6.09,-3.14,-0.23,2.74,-0.35,3.16,-0.67,0.13,15,-0.24,0,0.24,0,1.94
TCGA-EE-A2MQ-06A,-2.55,2.84,0.12,-0.99,-1.87,-0.02,0.52,3.3,-1.24,-0.2,4.08,-0.24,2.84,0.93,-0.8,14.31,-0.15,0,0.27,0,2.19
TCGA-ER-A199-06A,-7.97,5.47,0.23,1.53,-0.12,-2.96,0.29,8.28,-4.89,-0.31,-3.44,-0.96,4.14,-4.8,1.51,15.11,-0.28,0,1.38,0,6.88
TCGA-EE-A2GO-06A,-3.87,0.52,0.22,-1.04,-0.38,2.98,-0.38,7.53,-4.59,-0.12,1.47,-1.35,6.35,-0.17,-6.31,15.04,-0.24,0,1.44,0,-9.02
TCGA-D3-A1QA-06A,1.06,-0.58,0.12,0.23,-2.28,-2.84,0.89,-4.58,1.71,-0.11,6.64,-2.33,1.46,3.35,-1.06,12.63,-0.12,0.01,-0.24,0,4.34
TCGA-EB-A85I-01A,-10.68,11.96,0.29,7.13,6.62,-5.87,0.43,11.95,-10.18,-0.56,-14.88,-1.28,-6.63,-10.5,6.49,17.32,-0.45,0,1.64,0,18.99
TCGA-GN-A9SD-06A,-6.51,7.09,0.23,1.74,-0.64,-3.25,0.21,0.29,-5.75,-0.33,-2.19,-0.44,2.84,-4.02,-1.26,14.48,-0.27,0,0.9,0,5.25
TCGA-EE-A2ME-06A,-1.34,0.5,0.19,-1.3,-2.45,0,-0.09,-0.19,0.02,-0.04,6.6,-0.77,5.53,2.55,-1.11,14.2,-0.15,0.01,-0.12,0,-11.86
TCGA-D3-A5GT-01A,-10.99,12.11,0.34,11.29,7.37,-7.74,1.09,18.07,-11.53,-0.64,-15.01,-2.35,-8.51,-13.23,8.37,14.19,-0.5,-0.01,1.64,0,19.7
TCGA-ER-A2NG-06A,-6.45,6.01,0.22,2.43,1.01,-3.26,0.33,8.76,-2.94,-0.34,0.44,-0.8,0.88,-3.76,1.13,15.7,-0.3,0,1.25,0,18.02
TCGA-D9-A4Z6-06A,-6.11,8.28,0.23,3.08,1.32,-5.14,0.64,4.97,-7.55,-0.43,-13.7,0.15,0.38,-7.52,1.5,13.71,-0.33,0,1.62,0,18.72
TCGA-EB-A6L9-06A,-12.61,12.93,0.32,9.17,9.26,-7.27,0.46,16.44,-11.41,-0.65,-14.85,-0.39,-8.25,-13.61,7.83,17.04,-0.5,-0.01,1.63,0,18.64
TCGA-FS-A1ZP-06A,-3.63,4.29,0.15,0.02,-1.55,-1.45,0.64,-2.57,-2.69,-0.25,1.47,-0.97,1.15,0.36,1.87,12.95,-0.17,0.01,0.77,0,-9.93
TCGA-D3-A3C3-06A,-6.69,6.91,0.17,3.04,0.46,-2.16,0.19,0.92,-6.87,-0.39,-10.22,-0.2,2.79,-4.25,0.35,13.73,-0.28,0,1.63,0,-1.98
TCGA-EE-A17X-06A,-11.03,12.4,0.24,10.69,8.61,-8.22,0.68,11.69,-10.68,-0.61,-14.78,-0.44,-8.27,-11.49,8.03,14.93,-0.46,0,1.63,0,19.04
TCGA-XV-A9W5-01A,-7.04,8.16,0.21,2.46,0.69,-1.06,-0.09,5.22,-7.66,-0.36,-5.64,-0.15,5.48,-5.58,1.07,15.43,-0.31,0,1.58,0,13.28
TCGA-WE-A8ZY-06A,-3,4.26,0.16,1.04,-2.41,-2.31,0.52,-2.52,-2.86,-0.25,5.47,0.11,2.09,0.06,-1.74,12.93,-0.17,0,0.72,0,17.74
TCGA-ER-A2NB-01A,-13.32,13.57,0.39,21.21,15.57,-9.75,0.86,24.67,-14.14,-0.74,-14.98,-1.15,-8.52,-17.4,9.05,20.51,-0.55,-0.02,1.64,0.01,19.09
TCGA-FR-A7UA-06A,-6.47,4.9,0.26,-0.38,-0.37,-3.07,0.01,1.49,-4.4,-0.29,-0.28,-0.55,2.87,-3.94,1.02,15.16,-0.25,0,0.63,0,9.94
TCGA-D3-A5GS-06A,-7.49,9.98,0.22,3.32,-0.34,-4.17,0.27,1.17,-6.47,-0.43,-0.79,-0.05,2.67,-6.48,0.88,14.61,-0.31,0,1.62,0,18.67
TCGA-FS-A4F8-06A,-4.26,4.14,0.19,1.25,-1.12,0.41,0.07,5.04,-3.7,-0.22,-1.82,-0.51,4.91,-1.46,-0.9,14.13,-0.22,0,0.71,0,3.83
TCGA-FS-A4FD-06A,-2.38,2.47,0.05,0.28,-2.82,-2.41,0.33,2.71,-3.44,-0.25,2.06,-0.29,3.18,-0.22,-1.03,11.87,-0.12,0.01,0.23,0,-6.87
TCGA-EE-A2A2-06A,-0.65,2.38,0.05,0.01,-3.52,-2.6,0.47,-6.55,-0.02,-0.13,5.24,-0.6,3.84,3.16,-0.93,11.48,-0.04,0,-0.33,0,-1.05
TCGA-D3-A8GI-06A,-13.19,13.65,0.35,18.83,13.56,-9.24,0.8,19.26,-13.19,-0.72,-14.89,-0.91,-8.46,-16.11,8.4,18.75,-0.56,-0.01,1.64,0.01,19.19
TCGA-YD-A9TA-06A,1.7,-1.8,-0.04,-3.04,-3.15,-0.5,-0.46,-2.75,-1.7,-0.15,4.92,0,7.02,3.34,-4.97,10.45,-0.01,0,-0.21,0,-9.91
TCGA-EB-A44O-01A,-1.24,2.84,0.08,-1.52,-4.69,-2.8,0.48,2.28,-2.03,-0.19,5.01,-0.54,1.6,0,-1.27,12.07,-0.14,0,0.2,0,18.29
TCGA-EB-A42Z-01A,-4.84,8.3,0.21,1.98,-0.56,-1.35,0.17,4.11,-4.25,-0.32,-0.11,-0.08,1.04,-4.41,-1.12,15.63,-0.32,0,1.63,0,13.87
TCGA-GN-A266-06A,-0.86,0.61,0.12,-1.63,-1.42,3.9,-0.28,4.54,-1.75,-0.13,3.33,-0.37,5.31,1.16,-4.84,13.51,-0.11,0,-0.03,0,-17.97
TCGA-EE-A3JB-06A,-0.06,-1.29,0.02,-2.56,-2.9,3.43,-0.56,-6.15,-2.01,-0.06,6.13,-0.39,6.03,3.58,-4.84,13.67,-0.08,0,-0.01,0,-16.95
TCGA-Z2-AA3S-06A,-0.18,2.31,0.08,0.14,-2.31,-3.99,0.81,-5.15,-2.88,-0.25,1.16,-1.64,3.46,1.6,-0.98,10.62,-0.1,0.01,-0.49,0,0.18
TCGA-D3-A5GU-06A,-2.85,5.29,0.19,0.95,-1.38,-4.15,0.64,-0.11,-2.89,-0.29,-0.64,-2.33,2.59,-2.2,1.06,13.07,-0.2,0,-0.08,0,6.25
TCGA-ER-A198-06A,0.03,1.07,0.08,1.35,-2.68,-3.74,0.62,4.23,-0.6,-0.17,4.88,-0.28,3.02,1.69,-0.93,13.54,-0.17,0.01,0.04,0,17.9
TCGA-EE-A3AH-06A,-3.82,5.55,0.14,2.1,-3.69,-0.68,0.17,-2.98,-5.48,-0.26,3.13,-0.01,3.7,-2.91,-1.71,13.97,-0.26,0,1.33,0,7.71
TCGA-EB-A44P-01A,-2.51,5.01,0.18,1.46,-1.37,-2.91,0.34,-0.1,-2.65,-0.22,3.5,-0.66,5.15,-0.51,-1.1,13.33,-0.15,0,0.11,0,13.71
TCGA-EE-A2A0-06A,3.17,-2.85,0.06,-2.24,-6,1.49,0.1,-6.13,3.41,0.22,7.4,-1.61,6.02,7.41,-4.54,11.03,0.04,0.01,-0.68,0,-15.96
TCGA-ER-A19G-06A,-1.01,1.74,0.06,-0.71,-3.17,-1.65,0.31,-2.83,-1.23,-0.18,4.96,-0.27,2.67,1.65,-1.09,13.73,-0.11,0.01,-0.28,0,-1.54
TCGA-D3-A51J-06A,-4.98,5.79,0.19,0.64,-2.02,-1.87,0.12,1.29,-4.96,-0.31,0.48,-0.39,2.43,-3.18,-0.23,14.72,-0.24,0,0.77,0,17.18
TCGA-D3-A8GM-06A,-0.08,0.94,0.08,0.77,-2.97,-3.3,0.57,2.17,1.5,-0.21,6.58,-0.42,1.52,-0.03,0.87,12.13,-0.16,0,-0.24,0,16.4
TCGA-D3-A1Q8-06A,-2.76,2.2,0.16,-1.53,-1.36,2.9,-0.38,-2.61,-3.98,-0.16,2.01,-0.46,4.76,-0.43,-5.15,13.6,-0.18,0,0.13,0,-13.18
TCGA-OD-A75X-06A,2.02,-1.18,0,-1.08,-3.98,-1.22,0.57,-6.77,-0.49,-0.1,7.5,-1.35,5.36,4.23,-1.48,11.66,0.06,0.01,-0.75,0,-3.74
TCGA-D3-A8GS-06A,-7.26,8.63,0.21,3.73,0.26,-2.79,0.26,3.36,-8.63,-0.44,-8.86,-1.19,3.07,-6.77,0.32,14.97,-0.3,0,1.62,0,17
TCGA-FS-A4FC-06A,-1.78,3.1,0.19,-0.19,-1.88,-1.37,0.46,6.99,1.17,-0.21,5.23,-2.14,2.24,1.05,-1.36,13.02,-0.25,0,-0.11,0,16.56
TCGA-EE-A182-06A,-14.15,13.48,0.4,23.39,15.8,-10.46,0.89,24.11,-14.07,-0.76,-14.84,-1.26,-8.27,-17.61,8.88,20.37,-0.58,-0.02,1.64,0.01,19.21
TCGA-EB-A5SF-01A,-14.47,13.74,0.4,23.63,16.05,-10.07,0.82,25.83,-14.48,-0.77,-14.81,0.24,-8.3,-18.06,8.42,20.08,-0.57,-0.02,1.64,0.01,19.09
TCGA-D3-A8GE-06A,-3.99,4.51,0.23,-1.25,-0.62,0.97,-0.47,6.12,-3.16,-0.15,4.53,-0.43,6.55,-1.07,-1.49,13.92,-0.26,0,0.76,0,-16.81
TCGA-EE-A2M8-06A,-5.51,4.79,0.25,0.43,-1.56,-0.85,0.13,6.54,-2.84,-0.24,1.16,-0.42,2.22,-1.76,-0.95,15.24,-0.3,0.01,0.57,0,0.2
TCGA-EE-A3JH-06A,-9.09,9.59,0.26,3.3,3.15,-4.88,0.21,2.9,-7.43,-0.43,-10.35,-0.54,-1.13,-7.02,1.2,16.38,-0.4,0,1.63,0,18.96
TCGA-ER-A2NF-01A,-6.76,10.78,0.26,3.52,4.13,-5.89,0.67,10.83,-6.63,-0.47,-12.63,-0.52,-5.57,-7.32,1.4,14.41,-0.4,0,1.63,0,18.58
TCGA-WE-A8ZM-06A,-4.75,5.09,0.22,2.45,-2.11,-0.59,0.11,-1.99,-5.52,-0.24,-0.22,-0.34,5.6,-1.08,-0.78,14.23,-0.1,0,1.57,0,-2.55
TCGA-EB-A4OY-01A,-14.14,13.5,0.39,17.84,14.18,-10.17,1.03,22.64,-13.61,-0.76,-14.76,-1.01,-8.11,-17.28,8.71,17.67,-0.55,-0.01,1.64,0.01,19.19
TCGA-GN-A8LN-01A,-1.1,3.05,0.12,0.18,-4.38,0.72,0.06,-4.42,-3.35,-0.17,4.56,-0.09,5.33,0.96,-2.06,12.91,-0.08,0,0.11,0,-4.34
TCGA-EE-A3J3-06A,-2.33,4.4,0.16,0.8,-1.73,-0.66,0.2,-1.2,-3.65,-0.25,1.88,-0.98,4.96,0.05,-1.27,14.23,-0.19,0,0.05,0,-1.94
TCGA-BF-AAP4-01A,-8.06,9.23,0.23,4.49,2.18,-6.3,0.6,2.61,-7.2,-0.46,-5.68,-0.54,-1.43,-6.87,1.87,14.85,-0.3,0,1.63,0,16.41
TCGA-D3-A8GB-06A,-10.52,12.19,0.33,7.91,6.2,-5.78,0.27,13.74,-10.74,-0.56,-14.79,-0.37,-8.03,-12.34,7.37,16.46,-0.47,0,1.63,0,18.6
TCGA-FS-A1ZH-06A,-3.6,2.48,0.13,-0.58,-2.12,2.26,-0.59,-0.39,-3.42,-0.11,4.69,-0.22,6.51,1.34,-3.5,14.45,-0.12,0,0.11,0,-14.52
TCGA-D3-A51H-06A,-7.29,7.42,0.22,2.05,2.79,-2.24,0.2,4.31,-6.81,-0.38,-10.07,-0.51,0.14,-7.81,3.53,14.43,-0.29,0,1.62,0,5.94
TCGA-EB-A553-01A,-12.68,13.67,0.36,18.08,12.48,-9.44,1.03,20.07,-13.47,-0.72,-14.88,-2.33,-7.7,-16.37,8.61,16.39,-0.55,-0.01,1.63,0.01,19.23
TCGA-EE-A29B-06A,-10.69,11.64,0.22,7.2,6.25,-7.92,1.01,12.12,-7.53,-0.52,-14.87,-2.58,-7.33,-7.61,8.34,15.47,-0.44,0,1.63,0,18.85
TCGA-BF-A1Q0-01A,-2.37,2.6,0.09,-1.7,-0.77,1.65,-0.02,-0.22,-3.49,-0.24,-4.64,-1.57,2.28,-0.53,-1.25,13.85,-0.17,0,0.75,0,-16.21
TCGA-EB-A5FP-01A,-1.25,2.29,0.11,-0.47,-3.6,-3.43,0.58,-1.6,-2.75,-0.21,5.36,-0.45,2.17,-0.02,-1.28,12.79,-0.11,0,0.3,0,19.22
TCGA-D3-A2JF-06A,-7.6,9.64,0.23,2.54,2.39,-0.86,-0.29,9.3,-7.36,-0.34,-7.1,-1.01,5.38,-6.83,-3.12,15.76,-0.38,0,1.63,0,-9.8
TCGA-DA-A95V-06A,-12.64,13.24,0.35,14.71,10.96,-9.12,0.76,15.43,-12.24,-0.71,-14.91,-0.25,-8.13,-13.65,7.59,18.24,-0.5,-0.01,1.63,0.01,19.36
TCGA-D9-A1JW-06A,-9.56,10.9,0.28,5.75,6,-7.26,0.8,12.02,-6.79,-0.5,-13.09,-0.89,-6.64,-8.49,7.17,16.27,-0.41,0,1.64,0,18.68
TCGA-D3-A1Q5-06A,1.3,-2.39,0.15,-2.09,-6.48,3.59,-0.42,-7.69,-2.44,0,5.47,-0.21,6.98,4.19,-6.65,12.44,0.07,0.01,-0.41,0,-15.99
TCGA-EE-A2M7-06A,-3.19,1.12,0.22,-0.44,-1.94,2.63,-0.3,-4.68,-3.35,-0.04,4.91,-0.6,6.13,-0.01,-5.43,13.84,-0.04,0,-0.42,0,-18.31
TCGA-BF-AAOX-01A,-10.36,12.33,0.25,6.05,4.87,-8.77,0.7,12.96,-9.27,-0.61,-14.65,0.08,-7.48,-10.03,7.86,14.22,-0.43,0,1.62,0,18.81
TCGA-EE-A29T-06A,-2.32,3.2,0.2,-1.05,-1.93,0.92,-0.08,1.44,-1.85,-0.12,4.07,-2.62,5.2,-0.32,-6.57,15.06,-0.26,0,0.43,0,-8.68
TCGA-FR-A728-01A,-10.29,11.01,0.29,6.9,4.35,-6.82,0.48,6,-8.81,-0.48,-14.49,-0.94,-7.44,-9.41,6.2,16.7,-0.41,0,1.64,0,19.16
TCGA-FS-A1YX-06A,-1.85,4.32,0.17,-0.1,-3.11,-1.8,0.23,-2.04,-2.55,-0.15,4.24,-0.7,4.46,2.31,-1.22,15.05,-0.16,0.01,0.03,0,1.21
TCGA-D3-A3C1-06A,-11.99,12.75,0.33,8.04,5.85,-3.34,0.31,9.96,-10.91,-0.55,-14.62,-0.81,-2.37,-11.92,3.46,18.35,-0.49,0,1.63,0,18.98
TCGA-GN-A4U9-06A,0.36,-0.93,-0.01,0.01,-2.03,0.05,-0.14,-7.09,-5.11,-0.2,-0.74,-0.8,5.79,2.57,-0.47,9.8,-0.01,0,-0.16,0,-16.79
TCGA-D3-A2JL-06A,-10.42,10.3,0.29,5.19,2.41,-8.02,0.54,11.54,-8.1,-0.56,-14.49,-1.19,-6.19,-9.98,4.84,15.07,-0.42,0,1.64,0,19.92
TCGA-EB-A97M-01A,-11.78,13,0.32,11.27,9.65,-8.9,0.95,14.51,-11.11,-0.64,-14.86,-1.86,-8.53,-11.94,8.25,17.39,-0.51,-0.01,1.64,0,19.41
TCGA-FS-A1ZB-06A,-9.56,9.81,0.23,4.56,3.86,-5.64,0.35,11.38,-7.32,-0.5,-14.43,0.12,-5.31,-7,5.18,15.52,-0.42,0,1.62,0,18.66
TCGA-EE-A20I-06A,-6.58,8.05,0.23,4.56,-0.09,-5.19,0.53,3.31,-4.82,-0.41,-1.75,-0.1,-3.15,-2.74,4.8,13.96,-0.34,0,1.63,0,18.76
TCGA-EB-A41A-01A,-3.84,6.41,0.2,1.79,0.79,-4.57,0.84,9.71,-4.34,-0.29,-0.63,-2.42,1.38,-1.66,-0.33,12.56,-0.28,0,1.44,0,14.34
TCGA-GN-A267-06A,-8.53,10.23,0.24,5.78,2.57,-6.82,0.68,11.21,-9.37,-0.51,-14.63,-2.11,-4.96,-8.64,7.48,14.05,-0.42,0,1.63,0,19.08
TCGA-FS-A1ZS-06A,-0.52,-1.42,0.15,-3,-2.19,4.34,-0.42,-2.6,0.3,0.04,3.86,-2.72,6.45,5.89,-4.9,12.42,-0.04,0,0.19,0,-13.15
TCGA-EB-A5SE-01A,-4.65,5.72,0.16,0.51,-1.97,-4.04,0.72,6.02,-3.12,-0.34,-0.9,-1.32,2.48,-1.7,-0.25,13.69,-0.23,0,0.59,0,17.92
TCGA-FS-A4F5-06A,-3.71,5.41,0.19,1.08,-2.56,-2.32,0.48,0.02,-3.58,-0.32,1.32,-1.51,2.46,-1.59,-1.33,14.01,-0.21,0,0.01,0,18.77
TCGA-DA-A1I8-06A,-5.14,6.47,0.26,0.66,-2.76,1.04,-0.28,1.44,-5.78,-0.18,0.42,0.11,5.68,-3.65,-5.62,15.9,-0.28,0,1.51,0,-8.48
TCGA-D3-A51E-06A,-4.58,5.77,0.19,1.95,-0.59,-4.37,0.18,0.46,-3.04,-0.33,-0.63,0.09,1.71,-2.6,-1.2,14.74,-0.23,0,1.13,0,14.6
TCGA-EE-A2MS-06A,-1.31,0.77,0.13,0.74,-3.26,-1.42,0.3,4.18,-2.39,-0.16,3.52,-1.05,2.43,1.88,-0.59,12.31,-0.13,0,0.08,0,-6.97
TCGA-EE-A2MC-06A,-1.8,2.62,0.1,-0.79,-0.84,2.17,-0.51,-3.15,-2.61,-0.1,3.21,-0.31,5.48,1.55,-1.13,13.89,-0.18,0,0.51,0,-11.95
TCGA-D3-A1Q7-06A,-3.41,1.66,0.15,-0.73,-1.75,-1.4,0.19,4.97,-0.49,-0.19,4.59,-1.67,2.88,1.32,-1.02,13.7,-0.18,0.01,-0.53,0,12.36
TCGA-EE-A29Q-06A,-0.46,2.44,0.15,-0.29,-2.88,-1.37,0.12,-4,0.7,-0.14,5.13,-0.44,3.3,1.27,-6.22,12.42,-0.1,0,0.05,0,3.92
TCGA-D3-A51T-06A,-2.67,4.46,0.18,1.65,-2.71,-2.68,0.41,-1.16,-3.85,-0.24,2.45,-0.58,2.94,1,-1.76,13.8,-0.19,0,0.32,0,-0.76
TCGA-D3-A8GJ-06A,-7,9.44,0.22,1.99,0.64,-5.07,0.47,2.66,-8.83,-0.47,-11.23,-1.71,0.73,-6.88,2.23,15.24,-0.38,0,1.35,0,19.2
TCGA-WE-AA9Y-06A,-8.43,10.5,0.26,4.25,2.82,-3.69,0.37,9.5,-7.71,-0.5,-14.45,-0.66,0.19,-8.06,4.14,14.52,-0.39,0,1.63,0,18.21
TCGA-W3-A824-06A,-6.46,8.52,0.23,2.92,2.38,-4.61,0.71,7.71,-5.2,-0.46,-9.33,-2.93,-1.87,-5.21,1.25,14.36,-0.37,0,1.47,0,19.77
TCGA-EB-A44R-06A,-5.84,5.1,0.17,2.26,-0.24,-3.41,0.43,-2.46,-5.12,-0.36,0.3,-0.99,1.66,-3.2,1.19,13.24,-0.24,0,1.12,0,15.35
TCGA-FS-A1Z4-06A,-0.52,0.45,0.04,-1.56,-2.56,0.73,0.01,2.16,-1.07,-0.15,3.5,-0.67,5.53,1.88,-1.04,12.6,-0.12,0.01,-0.62,0,-9.26
TCGA-BF-AAOU-01A,-7.25,7.56,0.23,3.15,1.6,-3.73,0.31,12.12,-6.87,-0.4,-12.51,-0.46,1.97,-7.32,0.9,15.97,-0.37,0,1.58,0,16.91
TCGA-BF-AAP6-01A,-2.31,3,0.1,0.03,-4.23,-2.72,0.41,-3.14,-2.94,-0.24,4.7,0.02,2.92,-0.28,-0.95,12.7,-0.14,0,0.13,0,15.95
TCGA-D9-A148-06A,-7.3,9.59,0.18,3.84,0.15,-5.05,0.27,5.94,-6.42,-0.44,-3.61,0.24,-6.5,-7.01,3.83,15.48,-0.36,0,1.61,0,17.94
TCGA-W3-AA1Q-06A,-5.65,7.46,0.27,2.52,2.3,-3.95,0.8,1.14,-3.94,-0.4,-7.07,-3.1,-0.12,-3.72,1.04,14.09,-0.38,0,1.63,0,18.12
TCGA-FR-A7U9-06A,-7.75,7.57,0.14,2.59,4.1,-0.71,-0.28,8.91,-7.61,-0.4,-14.72,-0.34,0.72,-5.39,1.01,14.29,-0.3,0,1.64,0,-3.69
TCGA-GN-A268-06A,-1.49,1.94,0.08,-1.02,-2.66,-4.2,1.04,-4.55,0.36,-0.2,3.31,-3.28,1.89,3.45,-1.3,12.11,-0.21,0.01,0.16,0,18.98
TCGA-EB-A57M-01A,-11.97,12.97,0.32,10.55,9.61,-7.36,0.52,15.44,-10.91,-0.65,-14.89,0.15,-7.95,-12.4,7.41,17.02,-0.49,0,1.63,0,18.71
TCGA-FS-A1ZF-06A,-5.28,6.7,0.07,2.34,-1.83,-4.62,0.31,-2.4,-5.13,-0.41,-5.39,-0.62,0.42,-4.69,1.99,12.26,-0.21,0,1.61,0,15.51
TCGA-EE-A3JA-06A,2.6,-2.39,0.05,-1.42,-5.03,-0.72,0.34,-6.51,4.23,0.18,7.81,-0.73,2.87,5.69,-6.82,11.16,0.05,0.01,-0.47,0,-16.45
TCGA-ER-A3ET-06A,-2.35,2.15,0.17,-0.07,-1.34,-1.96,0.44,-2.79,-1.7,-0.16,3.9,-1.05,2.75,0.3,-5.02,13.83,-0.16,0,0,0,-3
TCGA-BF-AAP0-06A,-8.46,8.44,0.27,3.02,1.38,-4.43,0.25,7.85,-7.25,-0.46,-12.95,-0.3,-0.27,-8.36,1.83,15.15,-0.36,0,1.64,0,19.02
TCGA-FR-A8YD-06A,-12.37,13.01,0.33,14.58,10.81,-9.02,1.01,16.79,-11.8,-0.71,-15.31,-2.07,-8.31,-13.78,8.35,17.33,-0.51,-0.01,1.64,0,19.97
TCGA-ER-A19K-01A,-5.69,7.91,0.22,2.56,1.68,-5.09,0.67,10.45,-3.9,-0.36,-4.42,-0.19,-0.15,-4.26,1.47,13.99,-0.4,0,1.64,0,19.44
TCGA-W3-A828-06A,-6.3,5.39,0.19,2.21,2.51,0.55,-0.45,7.13,-6.18,-0.29,-4.57,-0.04,6.32,-4.09,-0.17,13.17,-0.32,0,1.57,0,-12.81
TCGA-RP-A693-06A,-2.46,4.19,0.18,-0.04,-0.62,-2.28,0.45,4.4,-2.02,-0.27,2.67,-1.78,2.66,0.04,-0.93,13.48,-0.19,0,0.03,0,14.99
TCGA-YG-AA3O-06A,-2.34,4.15,0.18,0.92,-3.78,-3.43,0.66,4.36,-1.73,-0.27,2.86,-2.17,1.22,-2.14,-0.33,12.47,-0.23,0,0.68,0,18.19
TCGA-FR-A729-06A,-5.44,3.19,0.17,-0.3,-0.99,-2.55,0.25,-1.5,-4.75,-0.33,-0.03,-0.17,4.98,-2.84,-0.99,14.01,-0.25,0,0.21,0,-2.31
TCGA-D3-A1Q1-06A,-5.62,5.58,0.17,1.96,-1.99,-4.39,0.43,3.59,-5.89,-0.32,-9.92,-0.5,1.44,-2.77,1.61,12.7,-0.28,0,1.63,0,-7.86
TCGA-D3-A8GC-06A,1,-0.42,0.1,-0.62,-2.89,-0.87,0.64,-1.84,1.02,-0.11,6.36,-3.26,2.51,1.01,-4.41,13.26,-0.09,0,-0.46,0,-3.81
TCGA-FR-A8YC-06A,-2.1,3.86,0.21,1.63,-1.7,-4.08,0.61,-2.7,-3.15,-0.24,1.6,-2.26,2.92,-2.25,0.89,13.75,-0.22,0,0.67,0,16.23
TCGA-FW-A3I3-06A,-0.64,1.26,0.13,0.22,-4.33,-1.75,0.43,-4.12,-1.14,-0.19,-1.7,-0.63,2.46,-0.67,-1.17,11.95,-0.16,0.01,0.07,0,2.48
TCGA-EB-A299-01A,-8.54,10.38,0.28,3.89,3.37,-1.86,0.21,10.56,-8.21,-0.45,-14.13,0.4,2.19,-7.87,3.91,15.72,-0.41,0,1.63,0,17.32
TCGA-D3-A2J7-06A,-0.85,3.67,0.2,0.58,-1.99,-2.13,0.1,5.04,-1.02,-0.17,3.93,-0.28,3.9,0.35,0.15,15.37,-0.22,0,-0.06,0,2.47
TCGA-BF-AAP1-01A,-3.44,7.36,0.18,1.79,-1.24,-3.62,0.58,-2.71,-5.52,-0.35,0.49,-0.33,3.55,-2.81,-1.65,13.19,-0.23,0,1.21,0,6.81
TCGA-D9-A3Z1-06A,-3.74,6.33,0.19,0.63,-0.66,-4.42,0.55,2.04,-2.3,-0.31,2.8,-0.9,0.54,-2.72,0.44,13.22,-0.29,0,1.45,0,18.99
TCGA-BF-A1PV-01A,-0.85,1.64,0.14,-0.96,-1.35,-3.39,0.72,5.83,-3.15,-0.23,1.91,-2.13,1.72,-0.2,-0.75,12.34,-0.18,0,0.31,0,11.46
TCGA-XV-AB01-06A,-13.19,13.16,0.4,19.39,12.61,-9.24,1.02,21.73,-12.9,-0.74,-14.55,-0.16,-7.89,-16.11,8.44,18.93,-0.56,-0.01,1.64,0.01,19.98
TCGA-FR-A69P-06A,0.03,0.41,0.04,-0.75,-4.74,-2.58,0.17,-1.07,-1.33,-0.12,5.18,-0.4,5.86,1.94,-4.96,11.76,-0.04,0.01,-0.04,0,-6.01
TCGA-EB-A5SH-06A,-12.76,12.69,0.36,14.1,12.03,-8.99,1.13,19.77,-11.29,-0.71,-15.23,-3.29,-8.51,-14.32,8.88,16.52,-0.53,-0.01,1.64,0,19.87
TCGA-EB-A24C-01A,-0.72,4.47,0.22,0.79,-2.21,-2.24,0.55,7.42,0.26,-0.26,2.66,-1.05,1.87,-0.31,-0.69,13.24,-0.22,0.01,0.23,0,18.69
TCGA-D3-A2JO-06A,-3.11,2.7,0.1,1.16,-0.54,-2.65,0.22,-2.14,-3.71,-0.25,2.5,-1.58,2.57,-1.23,-1.15,13.93,-0.22,0,0.41,0,1.67
TCGA-EE-A17Z-06A,-8.93,8.54,0.14,5.6,4.2,-6.99,0.8,2.69,-8.08,-0.53,-14.9,-0.57,-0.85,-6.78,7.11,12.44,-0.34,0,1.61,0,17.64
TCGA-ER-A1A1-06A,-2.66,0.92,0.11,-1.27,-0.17,0.19,0.1,2.46,-2.13,-0.17,1.56,-0.38,2.36,-1.05,-0.79,12.63,-0.18,0,0.46,0,-7.18
TCGA-EE-A185-06A,-9.81,10.04,0.27,5.09,4,-6.8,0.9,4.93,-8.22,-0.52,-12.55,-1.25,-6.32,-6.97,7.23,14.7,-0.38,0,1.64,0,19.28
TCGA-EB-A51B-01A,-2.21,3.76,0.15,0.95,-2.42,-3.1,0.51,7.08,-1.7,-0.25,1.72,-0.41,1.83,0.21,0.77,13.47,-0.21,0,0.07,0,11.86
TCGA-EE-A2GU-06A,0.56,-0.87,0.13,-0.45,-3.5,-2.01,0.59,-0.01,3.29,-0.07,8.26,-1.64,1.75,3.23,-3.02,14.08,-0.03,0.01,-0.42,0,3.94
TCGA-EE-A2A5-06A,-2.55,3.4,0.06,0.15,-2.5,-2.11,0.37,4.5,-3.9,-0.26,1.06,-1.03,2.53,0.08,-1.02,12.06,-0.18,0,0.26,0,-10.35
TCGA-FR-A44A-06A,-5.4,6.24,0.22,1.21,0.03,-2.54,0.18,-0.34,-2.46,-0.29,3.47,0,2.48,-2.75,-1.32,15.35,-0.31,0,0.56,0,18.9
TCGA-FW-A3TU-06A,-13.71,13.33,0.4,18.81,15.35,-10.72,0.98,22.16,-13.4,-0.73,-15.05,-1.93,-8.85,-16.82,8.86,19.4,-0.57,-0.01,1.64,0.01,19.67
TCGA-EE-A29X-06A,-11.77,12,0.28,7.72,5.8,-5.51,0.4,14.76,-9.52,-0.53,-15.16,-0.09,-6.57,-8.87,6.98,18.17,-0.49,0,1.64,0,19.4
TCGA-ER-A195-06A,-2.97,2.77,0.16,-0.77,-1.53,-0.43,-0.22,4.6,-2.63,-0.13,2.64,0.01,6.39,1.81,-1.07,13.82,-0.17,0,0.28,0,1
TCGA-DA-A1I4-06A,-7.04,8.3,0.24,2.64,0.98,-3.96,0.32,6.67,-6.91,-0.39,-9.18,-0.64,1.08,-5.71,1.03,14.08,-0.37,0,1.63,0,17.12
TCGA-D3-A8GQ-06A,-4,4.7,0.09,1.26,-0.73,-0.9,-0.15,-4.13,-5.09,-0.27,-2.71,-0.29,5.24,-2,-1.2,12.71,-0.22,0,1.47,0,-12.04
TCGA-EB-A6QZ-01A,-7.76,9.14,0.19,2.94,1.2,-4.2,0.57,1.55,-7.19,-0.4,-10.44,-0.45,1.57,-5.55,1.26,14.75,-0.3,0,1.62,0,16.48
TCGA-EE-A29W-06A,-1.89,-1.18,0.07,-1.25,-3.71,2.32,-0.44,-2.41,-2.57,-0.04,5.57,-0.28,6.67,2.51,-4.73,12.18,-0.07,0,0.15,0,-16.97
TCGA-HR-A5NC-01A,-4.08,6.95,0.24,0.29,-1.29,-4.39,0.45,1.73,-4.91,-0.34,-3.43,-0.64,2.69,-2.26,0.83,14.22,-0.26,0,1.59,0,18.21
TCGA-WE-AAA0-06A,-4.58,7.56,0.2,2.81,0.01,-4.63,0.3,-0.57,-4.13,-0.37,0.69,-0.94,0.85,-3.44,0.79,14.22,-0.27,0,0.94,0,15.88
TCGA-EE-A29V-06A,-11.68,13.02,0.29,8.83,8.1,-8.46,0.69,13.15,-11.03,-0.64,-14.87,0.03,-8.54,-11.78,7.95,15.2,-0.47,-0.01,1.64,0,18.8
TCGA-HR-A2OH-06A,-6.38,5.23,0.19,1.37,-0.55,-4.56,0.27,5.78,-5.47,-0.33,-1.09,-0.89,2.07,-3.11,1.15,15.54,-0.3,0,0.5,0,16.96
TCGA-D9-A3Z3-06A,-9.44,10.99,0.31,4.92,2.98,-5.72,0.52,8.31,-8.6,-0.51,-12.69,-0.48,-5.29,-8.81,6.46,16.28,-0.42,0,1.64,0,18.87
TCGA-GN-A264-06A,-1.19,3.21,0.16,0.55,-1.8,-2.39,0.65,-3.76,1.03,-0.26,2.34,-0.8,2.21,0.27,-0.32,11.68,-0.1,0,0.19,0,-2.91
TCGA-WE-A8JZ-06A,-3.01,2.32,0.17,1.33,-3.41,-2.41,0.28,-3.14,-2.62,-0.23,3.56,-0.15,2.14,-0.18,-5.74,12.97,-0.11,0,0.19,0,-0.75
TCGA-ER-A19L-06A,-3.17,4.54,0.27,1.21,-0.97,-0.26,0.27,3.89,-5.57,-0.18,1.67,-2.23,5.38,-1.77,-2.9,15.26,-0.3,0,1.49,0,-0.29
TCGA-FR-A726-01A,-3.14,3.25,0.09,1.54,-2.26,-3.68,0.37,-2.72,-2.62,-0.3,1.47,-0.54,1.99,-1.8,-0.9,12.04,-0.18,0,0.38,0,15.57
TCGA-DA-A1I0-06A,-13.21,13.76,0.36,17.8,12.77,-9.42,0.7,15.56,-13.08,-0.72,-14.84,-0.34,-8.4,-15.72,8.7,19.44,-0.54,-0.01,1.64,0.01,19.05
TCGA-FS-A1ZR-06A,-1.91,2.48,0.11,-0.29,-3.67,-1.69,0.31,4.43,-0.89,-0.19,5.59,-1.44,4.07,1.77,-4.63,12.95,-0.13,0.01,0.08,0,-3.21
TCGA-EE-A2MN-06A,-5.22,4.63,0.19,1.55,-0.39,-4.32,0.72,4.89,-3,-0.3,0.66,-2.94,1.21,-2.37,1.56,13.91,-0.28,0,0.88,0,18.96
TCGA-GN-A8LK-06A,-11.19,12.42,0.26,10.67,8.15,-8.53,0.98,10.63,-11.25,-0.64,-14.97,-0.67,-8.36,-13.93,7.87,15.38,-0.47,-0.01,1.63,0,18.91
TCGA-ER-A19N-06A,-7.22,8.72,0.22,1.49,1.53,-3.28,0.06,8.55,-7.08,-0.36,-8.38,-0.46,1.47,-4.23,-0.79,15.56,-0.32,0,1.63,0,9.62
TCGA-BF-A5ER-01A,-12.76,13.35,0.36,19.12,13.58,-10.55,1.13,19.95,-12.7,-0.7,-15.02,-2.73,-8.83,-15.41,9.01,18.89,-0.55,-0.01,1.64,0.01,20.14
TCGA-EE-A3J4-06A,-3.28,4.78,0.19,0.9,-2.08,-4.66,0.83,5.22,-3.76,-0.33,-0.27,-3.28,2.12,-2.41,1.78,13.07,-0.32,0,0.78,0,19.82
TCGA-EE-A183-06A,-12.54,12.94,0.34,13.18,10.94,-8.4,0.67,17.48,-11.6,-0.68,-14.79,-1.21,-8.74,-14.14,8.76,18.34,-0.52,-0.01,1.64,0,19
TCGA-W3-AA1O-06A,-0.03,4.17,0.11,1.04,-2.29,-4.9,0.54,4.24,-0.31,-0.21,3.69,-1.9,1.77,-0.41,-0.86,12.61,-0.22,0,0.33,0,16.15
TCGA-ER-A19W-06A,-3.04,2.22,0.1,-0.95,-1.41,-3.3,0.36,3.75,-1.53,-0.2,3.11,-1.84,1.93,0.01,-1.16,13.15,-0.17,0.01,0.15,0,8.16
TCGA-EE-A29G-06A,-4.77,6.82,0.23,1.37,1.17,-2.58,0.36,10.29,-4.37,-0.29,-2.86,0.08,2.69,-0.48,0.72,14.15,-0.36,0,1.62,0,17.02
TCGA-DA-A95X-06A,1.95,1.73,0.05,-1.07,-3.26,-1.04,0.11,-4.73,1.57,-0.05,8.02,-0.55,5.3,3.01,-6.44,13.66,-0.07,0.01,-0.33,0,-4.15
TCGA-D3-A51R-06A,0.81,-1.98,-0.07,-0.32,-3.34,-0.09,-0.29,-9.41,-4.14,-0.15,2.48,-0.2,6.46,0.8,-4.56,8.39,0.01,0,0.28,0,-17.23
TCGA-FR-A3YO-06A,-14.48,13.47,0.39,18.72,14.89,-9.61,0.84,18.46,-13.65,-0.73,-15,-0.23,-8.92,-16.38,8.42,19.97,-0.58,-0.01,1.64,0.01,19.94
TCGA-D3-A2JK-06A,-13.4,13.65,0.37,20.47,14.59,-10.02,0.72,19.29,-14.01,-0.74,-15.01,-0.03,-8.18,-17.32,8.66,19.44,-0.56,-0.01,1.63,0.01,18.99
TCGA-D3-A3MU-06A,-9.51,11.68,0.31,8.64,4.58,-6.23,0.61,7.22,-8.72,-0.55,-14.06,-0.74,-7.49,-8.64,6.43,16.98,-0.46,0,1.64,0,19.83
TCGA-D9-A149-06A,-4.57,4.57,0.22,1.22,-1.39,-3.58,0.59,6.18,-0.02,-0.2,1.96,-0.91,1.08,1.11,0.95,13.77,-0.24,0,0.46,0,5.21
TCGA-FS-A1ZC-06A,-0.55,-1.15,0.02,-0.96,-3.11,3.09,-0.35,-7.77,-3.12,-0.08,3.37,-0.56,6.14,2.41,-5.39,11.96,0.05,0,0.25,0,-15.85
TCGA-RP-A695-06A,-8.05,10.39,0.25,4.73,2.7,-6.11,0.79,2.07,-6.67,-0.47,-10.6,-1.54,-2.63,-6.86,3.91,14.75,-0.36,0,1.63,0,18.4
TCGA-EE-A17Y-06A,-2.58,2.96,0.12,-0.51,-1.76,-0.46,-0.17,-3.77,-4.7,-0.16,0.29,-0.27,4.97,-0.81,-1.12,15.25,-0.09,0,1.56,0,-7.48
TCGA-BF-A3DJ-01A,-3.68,4.9,0.2,-0.53,-2.73,0.41,0.02,5.58,-2.9,-0.16,3.93,0.14,5.03,0.49,-6.07,14.85,-0.23,0,0.35,0,-2.71
TCGA-FS-A1Z7-06A,-4.68,5.26,0.18,0.98,-2.54,-1.07,0.22,1.32,-4.58,-0.27,-0.11,-0.64,2.62,-2.76,-1.26,14.3,-0.26,0,1.16,0,16.14
TCGA-WE-AAA3-06A,-9.13,10.2,0.28,4.9,2.97,-5.97,0.69,4.9,-7.84,-0.53,-13.44,-1.02,-7,-8.63,6.06,14.97,-0.4,0,1.63,0,19.38
TCGA-GN-A8LL-06A,-12.95,13.1,0.34,17.29,12.96,-9.23,0.82,15.53,-12.88,-0.73,-14.91,0.07,-8.7,-14.96,8.42,18.14,-0.51,-0.01,1.62,0.01,18.92
TCGA-FS-A1ZQ-06A,-11.22,11.89,0.3,8.32,7.43,-7.65,0.58,5.91,-10.55,-0.6,-15.05,-0.17,-7.86,-10.57,6.57,17.61,-0.43,0,1.63,0,18.95
TCGA-FS-A1ZJ-06A,-2.37,0.37,0.06,1.37,-0.98,-3.38,0.69,-2.68,-3.42,-0.3,1.65,-1.4,2.27,1.1,-0.91,11.12,-0.07,0,0.13,0,18.5
TCGA-EB-A4OZ-01A,-14.28,13.59,0.39,18.16,13.72,-8.57,0.48,24.16,-13.73,-0.73,-14.94,0.23,-8.14,-16.94,8.13,19.57,-0.55,-0.01,1.64,0.01,18.96
TCGA-EB-A4P0-01A,-7.85,9.99,0.26,4.84,2.11,-6.19,0.64,5.02,-8.88,-0.51,-14.36,0.03,-1.78,-9.48,5.21,14.18,-0.39,0,1.62,0,19.03
TCGA-D3-A1Q9-06A,-3.19,5.57,0.15,0.39,-2.48,-3.46,0.46,-1.95,-3.35,-0.3,1.37,0.17,1.67,-2.25,1.22,14.14,-0.16,0,0.5,0,18.28
TCGA-EE-A2ML-06A,0.55,0.99,0.19,0.62,-3.6,-1.3,0.45,-3.91,2.51,-0.05,7.46,-1.05,4.82,3.67,-6.24,14.17,-0.13,0.01,-0.33,0,-0.38
TCGA-DA-A3F8-06A,-4.72,4.8,0.21,-0.14,-1.01,-0.64,0.08,3.47,-3.3,-0.28,1.87,-0.11,2.95,-2.8,-0.8,15.51,-0.29,0,0.23,0,12.48
TCGA-D3-A3MR-06A,-8.68,10.27,0.25,4.37,1.2,-3.99,0.15,5.24,-8.76,-0.5,-12.25,-0.06,0.66,-9.46,1.48,15.26,-0.35,0,1.62,0,18.87
TCGA-GN-A26A-06A,-4.51,4.91,0.2,-0.35,-1.58,2.46,-0.49,-1.13,-4.64,-0.12,0.78,-0.08,5.54,-0.65,-1.85,16.75,-0.24,0,0.65,0,-10.55
TCGA-ER-A2NE-06A,-1.87,5.47,0.11,1.77,-2.69,-3.96,0.4,4.16,-3.46,-0.25,3.57,-0.55,2.58,0.76,-1.05,13.05,-0.2,0,1.61,0,14.83
TCGA-FS-A1ZT-06A,0.34,-0.66,0.07,-1.76,-3.82,-2.86,0.28,1.22,-0.68,-0.09,7.67,-0.29,2.8,3.45,-6.21,12.09,-0.11,0.01,-0.4,0,-8.21
TCGA-FS-A1ZG-06A,-5.19,7.22,0.27,2.68,2.04,-4.51,1.01,7.92,-2.14,-0.3,-0.36,-2.24,0.72,-2.22,0.48,13.17,-0.33,0,1.64,0,18.13
TCGA-D3-A51F-06A,-7.72,7.04,0.25,1.41,1.85,-1.71,-0.11,8.07,-6.91,-0.33,-6.44,-0.15,2.15,-5.66,1.07,16.17,-0.35,0,1.4,0,5.69
TCGA-EE-A3J8-06A,3.83,-3.93,-0.02,-2.96,-8.41,3.81,0.24,-13.28,1.44,0.23,7.58,-0.13,6.02,7.45,-4.98,9.11,0.12,0.01,-0.43,0,-18.25
TCGA-EB-A82B-01A,-9.37,10.34,0.26,4.04,3.18,-5.19,0.53,9.1,-7.96,-0.49,-14.93,-0.51,-2.6,-5.82,4.4,15.27,-0.36,0,1.64,0,17.93
TCGA-EB-A85J-01A,-9.19,8.82,0.26,4.45,3.61,-5.9,0.65,11.25,-7.26,-0.53,-14.2,-1.33,-2.96,-7.58,5.49,14.74,-0.4,0,1.64,0,19.08
TCGA-ER-A42K-06A,-0.56,1.85,0.17,-1.69,-2.73,2.18,-0.35,-2.94,-2.92,0,4.97,-0.67,6.59,-0.12,-6.66,14.31,-0.05,0,0.05,0,-12.79
TCGA-EB-A6QY-01A,-2.47,4.11,0.15,0.6,-2.87,-2.74,0.44,-1.19,-3.19,-0.27,0.78,0.15,2.21,-1.06,-1.04,12.05,-0.23,0,0.83,0,17.04
TCGA-D3-A1QB-06A,-8.77,8.82,0.28,3.33,3.79,-5.46,0.53,11.01,-6.81,-0.46,-5.91,-0.87,-5.04,-7.87,5.67,15.49,-0.41,0,1.64,0,19.35
TCGA-XV-A9VZ-01A,-6,7.04,0.18,2.81,1.85,-0.81,0.08,11.34,-5.54,-0.4,-13.53,0.58,3.77,-3.26,-0.76,11.45,-0.36,0,1.64,0,-1.02
TCGA-WE-A8ZT-06A,-1.07,3.35,0.13,-0.02,-3.79,-0.03,0.23,-3.85,-1.48,-0.16,5.88,-0.41,3.77,2.6,-4.6,12.12,-0.08,0.01,-0.04,0,-8.9
TCGA-DA-A95Y-06A,-10.65,11.88,0.28,6.86,7.14,-6.92,0.71,12.23,-10.01,-0.6,-14.89,-0.44,-8.52,-11.11,7.77,16.2,-0.44,0,1.64,0,19.22
TCGA-DA-A1I5-06A,-7.54,7.63,0.24,2.07,0.81,-2.61,0.2,1.52,-5.27,-0.38,-6.64,-0.27,2.47,-4.08,-1.15,15.09,-0.31,0,1.64,0,18.27
TCGA-ER-A196-01A,-7.85,7.16,0.28,2.6,2.2,-3.38,0.22,12.64,-4.83,-0.39,-9.23,0.3,2.04,-2.47,3.5,14.86,-0.4,0,1.64,0,17.57
TCGA-ER-A3PL-06A,-1.21,2.92,0.17,1.56,-2.86,-0.62,0.29,5.31,-1.85,-0.15,2.9,-2.23,3.46,0.73,-1.24,12.98,-0.19,0,-0.09,0,-6.09
TCGA-EE-A2A1-06A,-6.76,8.15,0.23,1.18,0.6,-3.01,0.34,7.85,-4.44,-0.34,-0.88,0.02,1.19,-3.61,1.65,14.91,-0.32,0,1.48,0,16.69
TCGA-EE-A2MJ-06A,-3.09,4.38,0.15,0.21,-1.27,-3.38,0.49,2.04,-0.9,-0.29,0.7,-1.04,2.83,-2.28,0.78,12.82,-0.25,0,0.15,0,17.24
TCGA-ER-A2NH-06A,-4.99,4.7,0.16,-0.12,0.06,-0.74,-0.08,1.01,-5.39,-0.19,1.39,-0.37,5.2,-2.18,0.1,15.51,-0.3,0,0.53,0,0.19
TCGA-BF-A3DM-01A,-2.05,3.47,0.09,-0.29,-3.82,-0.45,0.01,-3.69,-2.47,-0.2,2.52,-0.39,5.54,1.76,-1.03,13.42,-0.14,0.01,0.06,0,-6.32
TCGA-GN-A4U5-01A,-9.32,10.47,0.28,4.51,2.44,-4.05,0.31,8.39,-7.27,-0.47,-9.31,-0.17,-0.47,-7.26,4.37,15.9,-0.37,0,1.63,0,18.94
TCGA-FR-A3YN-06A,-3.46,4.8,0.22,1.52,-2.59,-2.8,0.47,-0.91,-2.48,-0.26,4.64,-0.86,1.53,-1.19,0.09,14.87,-0.19,0,0.41,0,15
TCGA-D3-A1Q3-06A,2.56,-1.91,0.16,-0.07,-3.69,-1.16,0.74,3.45,3.82,-0.09,7.43,-3.02,2.2,3.27,-4.39,13.12,-0.19,0.01,-0.49,0,-5.08
TCGA-D3-A8GL-06A,1.2,-0.2,0.09,-0.32,-2.37,-1.72,0.96,-3.15,1.37,-0.16,6.32,-3.3,1.49,4.01,-0.61,12.5,-0.09,0,0.1,0,18.41
TCGA-D3-A3MO-06A,-1.82,0.91,0.06,-1.45,-3.95,0.96,0.06,-4.79,-3.89,-0.16,4.03,-0.45,5.77,0.29,-4.98,12.89,-0.07,0,-0.03,0,-10.47
TCGA-GF-A2C7-01A,-2.88,3.31,0.16,0.54,-2.47,-5.13,0.82,6.14,-1.99,-0.29,0.17,-2.65,1.76,-0.79,-0.47,12.27,-0.21,0,0.43,0,18.96
TCGA-D3-A2J8-06A,-8.03,7.93,0.15,0.69,3.66,0.2,-0.3,7.33,-7.42,-0.36,-10.43,-0.59,2.35,-3.8,0.84,14.86,-0.37,0,1.6,0,0.21
TCGA-EE-A2GR-06A,-0.3,1.15,0.16,0.38,-3.4,-2.89,0.62,4.11,0.84,-0.19,3.33,-1.4,1.93,1.18,-1.48,11.86,-0.16,0,0.09,0,5.4
TCGA-EE-A29M-06A,-1.91,3.89,0.12,0.55,-1.99,-2.96,0.43,4.15,-1.18,-0.24,5.69,-0.04,2.49,-0.24,-0.97,11.82,-0.26,0,0.12,0,16.7
TCGA-EE-A3AB-06A,-5.05,5.83,0.2,1.22,-0.79,1.43,-0.39,0.3,-7.05,-0.16,-6.75,-0.43,5.79,-2.42,-1.15,16.19,-0.28,0,1.6,0,-10.39
TCGA-EB-A42Y-01A,-3.95,5.16,0.11,2.87,0.57,-2.5,0.41,0.23,-4.89,-0.34,-3.04,-0.57,2.09,-2.23,1.35,11.81,-0.25,0,0.89,0,17.58
TCGA-FW-A3TV-06A,-1.03,4.23,0.2,0.61,-2.7,-2,0.42,6.77,-1.64,-0.12,4.7,-0.41,1.99,-1.47,-0.3,14.22,-0.25,0,1.45,0,18.57
TCGA-D9-A6EC-06A,-3.4,5.95,0.16,1.15,-1.17,-2.97,0.48,-1.73,-4.24,-0.34,2.04,-2.04,2.19,-4.13,-1.24,13.44,-0.28,0,1.21,0,16.36
TCGA-EB-A5SG-06A,-8.68,8.48,0.24,2.12,2.26,-4.35,0.28,3.89,-6.23,-0.4,-13.07,-0.41,1.43,-6.5,0.66,15.38,-0.37,0,1.64,0,15.72
TCGA-EE-A20B-06A,-4.46,3.76,0.22,0.22,-1.91,0.51,-0.16,-0.7,-4.57,-0.24,1.26,-0.11,5.57,-2.71,-3.58,14.74,-0.23,0,0.87,0,-3.64
TCGA-EE-A2MU-06A,-8.76,10.36,0.22,4.41,3.83,-5.77,0.5,5.52,-6.61,-0.49,-10.38,-0.47,-4.92,-7.39,5.6,15.66,-0.39,0,1.63,0,16.36
TCGA-D3-A8GR-06A,-11.32,12.57,0.35,10.13,6.68,-8.39,0.78,16.24,-11.18,-0.66,-14.85,-2.12,-8.77,-13.49,7.95,15.81,-0.49,-0.01,1.64,0,19.73
TCGA-FW-A5DX-01A,1.35,-2.19,-0.01,-1.31,-7.08,0.11,0.14,-9.25,-0.33,-0.01,7.97,-0.5,6.16,4.76,-6.56,11.48,0.16,0.01,-0.45,0,-2.14
TCGA-DA-A1IC-06A,-4.5,5.51,0.19,2.56,-1.64,-2.29,0.44,7.26,-1.65,-0.28,2.06,-0.39,0.15,-0.76,-0.16,14.3,-0.22,0,0.79,0,16
TCGA-D3-A8GP-06A,-3.17,4.44,0.16,1.46,-1.86,-3.99,0.66,0.63,-3.83,-0.33,-0.95,-2.85,1.94,-0.29,1.16,13.88,-0.21,0,0.53,0,8.31
TCGA-D3-A5GL-06A,-4.47,7.85,0.16,2.17,0.62,-5.15,0.44,7.41,-6.75,-0.4,-5.73,-0.35,0.39,-4.87,1.31,14.37,-0.3,0,1.63,0,18.53
TCGA-EB-A3XC-01A,-4.69,8.77,0.11,2.39,0.26,-4.02,0.4,1.28,-7.47,-0.41,-6.03,0.11,0.34,-5.98,0.89,14.23,-0.27,0,1.63,0,16.18
TCGA-BF-A1PX-01A,-10.95,11.55,0.3,5.4,5.49,-5.62,0.29,15.69,-10.16,-0.53,-14.78,-0.23,-5.39,-9.28,6.17,17.07,-0.46,0,1.63,0,18.64
TCGA-FS-A4FB-06A,-3.78,5.39,0.11,1.1,-2.98,-2.7,0.14,-0.62,-4.67,-0.31,1.11,-0.1,2.64,-1.15,1.18,12.07,-0.2,0,1.39,0,17.27
TCGA-EE-A2MG-06A,-1.9,3.72,0.15,-0.22,-1.43,0.79,0.1,0.33,-2.22,-0.17,3.78,-0.19,4.79,0.27,-1.37,13.23,-0.18,0,0.03,0,-7.2
TCGA-FS-A1ZY-06A,-9.49,10.6,0.27,6.17,2.83,-6.75,0.63,5.58,-8.37,-0.55,-11.71,-0.86,0.98,-7.39,7.34,14.85,-0.4,0,1.63,0,19.19
TCGA-EB-A4IQ-01A,-10.87,11.31,0.31,6.95,5.59,-5.68,0.68,15.91,-8.1,-0.55,-14.89,0.32,-5.88,-8.15,7.36,15.43,-0.45,0,1.64,0,19.22
TCGA-EE-A3JI-06A,3.61,-3.34,0.07,-2.46,-3.58,-1.73,0.82,-3.96,3.61,-0.07,9.13,-2.92,4.82,6.38,-6.18,11.37,-0.02,0.01,-0.93,0,-1.64
TCGA-EE-A184-06A,-7.83,7.36,0.26,3.94,0.8,-5.93,0.66,4.93,-4.79,-0.39,-1.68,-1.07,-0.96,-3.4,4.68,14.36,-0.36,0,1.63,0,17.79
TCGA-RP-A690-06A,-6.23,8.84,0.27,3.15,0.83,-5.66,0.67,9.93,-4.47,-0.39,-2.9,-0.13,-1.09,-6.32,-1.21,12.96,-0.38,0,1.64,0,18.79
TCGA-D3-A2J6-06A,-9.97,11.34,0.22,5.1,4.51,-7.12,0.55,10.81,-8.48,-0.54,-14.76,-0.12,-8.2,-9.74,5.86,14.9,-0.42,0,1.63,0,18.65
TCGA-GN-A4U4-06A,-2.75,5.25,0.14,0.85,-2.45,-3.52,0.46,-3.39,-2.61,-0.25,2.28,-0.15,3.7,0.09,0.39,12.51,-0.19,0,-0.02,0,3.49
TCGA-RP-A694-06A,-1.58,3.91,0.15,0.99,-2.18,-3.64,0.59,-2.13,-2.28,-0.28,0.66,-1.52,2.4,-2.18,-0.84,12.87,-0.22,0,0.56,0,16.66
TCGA-D9-A1JX-06A,-3.45,4.78,0.15,0.62,-3.63,-4.23,0.28,-3.41,-3.52,-0.26,4.22,-0.33,1.85,-1.35,-0.94,14.27,-0.17,0,0.26,0,16.81
TCGA-EE-A2GE-06A,-5.92,4.67,0.22,0.81,-1.4,0.26,-0.3,0.08,-5.64,-0.19,-0.01,-0.2,5.35,-2.15,-1.22,16.26,-0.27,0,1.36,0,-5.12
TCGA-QB-A6FS-06A,-13.28,13.67,0.35,17.39,14.08,-10.06,0.65,17.98,-13.08,-0.74,-14.88,-0.72,-8.25,-16.46,8.34,19.98,-0.53,-0.01,1.64,0.01,18.87
TCGA-ER-A3ES-06A,-2.4,7.08,0.15,2.36,0.22,-4.8,0.9,6.59,-4.44,-0.29,-4.86,-0.68,1.41,-4.21,-0.5,10.47,-0.34,0,1.62,0,-4.27
TCGA-D3-A5GO-06A,-9.69,10.51,0.24,4.62,2.75,-2.04,0.11,6.48,-8.29,-0.47,-14.18,-0.27,0.07,-6.58,0.88,16.43,-0.37,0,1.63,0,13.11
TCGA-EB-A551-01A,-3.05,2.59,0.18,-0.11,-2.1,-0.89,0.15,-0.48,-1.85,-0.16,5.02,-0.6,4.01,-0.79,-4.66,14.65,-0.22,0,-0.23,0,-2.27
TCGA-W3-A825-06A,-5.56,2.54,0.12,0.15,-0.97,1.23,-0.4,4.21,-7.35,-0.29,-3.02,-0.12,5.95,-1.08,-1.31,13.08,-0.24,0,1.43,0,-13.89
TCGA-QB-AA9O-06A,-8,11.41,0.21,5.68,2.84,-6.08,0.34,1.74,-10.3,-0.53,-14.63,0.04,-8.02,-10.43,5.42,15.18,-0.38,0,1.61,0,18.48
TCGA-GN-A265-06A,-3.55,5.98,0.18,-0.32,-0.5,-0.88,-0.2,1.63,-5.04,-0.29,-3.88,-0.27,2.37,-2.66,-1.24,15.64,-0.26,0,0.95,0,-11.07
TCGA-D9-A4Z3-01A,-3.9,4.56,0.15,0.61,0.31,-3.93,0.34,-2.21,-3.24,-0.33,-3.44,-1.05,3.78,-1.36,-0.66,11.22,-0.21,0,1.6,0,9.96
TCGA-EB-A5KH-06A,-11.87,12.81,0.33,13.28,10.53,-8.64,0.84,16.11,-11.24,-0.68,-14.73,-0.22,-7.41,-13.62,8.44,16.17,-0.52,0,1.63,0,19.67
TCGA-FS-A1YY-06A,-6.85,10.26,0.26,4.51,2.38,-5.59,0.57,10.77,-5.47,-0.44,-10.49,-0.32,-2.52,-6.54,2.51,13.23,-0.41,0,1.64,0,17.62
TCGA-WE-A8K1-06A,-5.82,7.31,0.15,2.37,0,-4.44,0.49,0.38,-2.93,-0.37,0.37,-0.27,0.81,-3.68,3.27,12.99,-0.26,0,0.91,0,18.68
TCGA-BF-AAP2-01A,-6.88,9.63,0.2,3.56,-0.31,-5.98,0.51,3.42,-6.03,-0.43,-2.7,-0.63,0.35,-4.77,3.5,14.11,-0.31,0,1.59,0,16.85
TCGA-EB-A82C-01A,-6.79,6.94,0.22,2.47,0.58,-5.23,0.59,5.41,-5.11,-0.41,-4.59,-1.32,1.22,-4.19,1.68,13.78,-0.29,0,1.64,0,18
TCGA-EE-A180-06A,-4.6,3.48,0.16,1.66,-1.05,-4.4,0.79,6.38,-1.65,-0.24,3.07,-2.9,2.54,-0.93,0.87,14.26,-0.27,0,0.68,0,17.87
TCGA-EE-A2GL-06A,-2.72,2.02,0.21,-0.67,-0.82,-0.6,0.36,5.37,-1.78,-0.2,1.77,-2.1,3.08,0.91,-0.83,13.26,-0.21,0,0.08,0,-1
TCGA-DA-A1HW-06A,-3.64,2.84,0.17,0.23,-3.19,-2.93,0.4,2.34,-2.59,-0.28,2.99,-0.18,2.61,-1.15,-1.41,13.63,-0.24,0.01,0.08,0,16.56
TCGA-BF-A1PU-01A,-9.7,11.95,0.27,5.84,4.21,-6.26,0.64,14.46,-9.43,-0.58,-14.78,-0.62,-5.9,-11.09,6.79,16.52,-0.47,0,1.64,0,19.29
TCGA-Z2-A8RT-06A,-4.32,4.73,0.16,1.79,-2.24,-2.39,0.39,1.02,-2.57,-0.26,0.77,-0.02,2.11,-2.24,-1.23,13.64,-0.24,0,-0.04,0,16.88
TCGA-DA-A95Z-06A,-5.8,8.47,0.17,3.88,0.13,-5.55,0.91,1.06,-7.49,-0.47,-9.48,-3.36,-4.78,-6.05,3.54,14.02,-0.39,0,1.63,0,18.52
TCGA-D3-A51N-06A,-8.13,10.02,0.28,2.74,0.71,-0.56,-0.15,4.32,-7.67,-0.39,-8.37,-0.06,5.1,-7.44,-1.76,15.94,-0.34,0,1.58,0,18.4
TCGA-BF-A5ES-01A,-12.45,12.79,0.34,8.43,9.08,-8.43,0.9,16.73,-9.55,-0.64,-14.99,-1.78,-8.78,-12.23,7.89,16.81,-0.53,-0.01,1.64,0,19.66
TCGA-ER-A2NC-06A,-3.82,3.78,0.11,-0.4,0.58,2.11,-0.42,-0.92,-5.31,-0.2,-2.56,-0.34,5.86,0.13,-1.17,14.14,-0.26,0,1.28,0,-15.38
TCGA-EE-A2MK-06A,-3.74,4.73,0.22,1.71,-2.24,0.27,0,2.68,-2.49,-0.15,4.48,-0.64,4.58,0.42,-5.89,15.47,-0.21,0.01,-0.06,0,-10.29
TCGA-EE-A29A-06A,-2.27,1.37,0.19,-0.41,-1.58,1.75,-0.17,4.69,-2.78,-0.18,3.8,-2.39,5.46,0.14,-0.84,14.91,-0.13,0,0.53,0,-9.57
