,name,cmt,degree
1,HIST1H1C,19,3
2,KLHL36,10,1
3,NAP1L4,6,1
4,CENPO,16,2
5,HOXA4,7,1
6,CDK2,7,6
7,NT5DC3,8,3
8,KLHDC3,13,3
9,UQCRQ,16,2
10,SLC10A3,20,1
11,PEX11B,20,3
12,MBD1,8,5
13,WLS,20,1
14,POLR2A,8,3
15,SLC7A5,14,5
16,HLA-C,16,2
17,C2orf44,20,1
18,CAPNS1,7,5
19,ZBTB8OS,20,2
20,RPL10,7,2
21,ESRRA,17,4
22,NUBPL,11,1
23,PRRC2B,10,6
24,DDR2,11,2
25,S100PBP,2,1
26,UBE2N,17,3
27,DUSP7,21,4
28,AKIP1,21,1
29,PLEKHO1,20,2
30,EEF2,9,7
31,NECAB3,6,1
32,SRFBP1,10,2
33,DLX1,3,1
34,CASK,18,1
35,LARP1,2,4
36,BAZ2B,10,3
37,RPS6KA3,9,10
38,ARL2,6,2
39,NFE2L1,7,4
40,PAN2,13,2
41,UHRF1,8,4
42,HAX1,1,1
43,TES,8,3
44,COX10,16,3
45,GCDH,21,1
46,FADD,19,2
47,PKN2,1,1
48,RNF24,21,2
49,CAPRIN2,15,2
50,PAPSS1,20,1
51,TUG1,7,1
52,S100A6,7,2
53,YEATS2,14,3
54,CUTA,1,1
55,POLR2I,10,1
56,NAB1,10,1
57,SIN3A,7,6
58,SLC29A1,21,1
59,DIP2A,20,2
60,BUB1B,3,1
61,SYNE2,9,6
62,ABI2,15,5
63,CRLF3,19,2
64,BCL2L13,6,2
65,AKR1A1,8,2
66,PMAIP1,7,11
67,SPATA13,18,1
68,ATAD3B,20,1
69,GCLC,7,6
70,HNRNPLL,10,1
71,PBRM1,2,4
72,TPX2,3,2
73,FMN1,10,2
74,ETNK2,1,2
75,TGFB1,7,7
76,ARHGEF25,10,1
77,PHLPP1,19,2
78,GEMIN4,21,2
79,CNOT1,17,4
80,C18orf25,17,3
81,DR1,1,2
82,PLCB3,20,1
83,C1orf35,10,3
84,KLHL21,6,2
85,YIF1B,10,1
86,ACYP1,5,1
87,KMT2D,9,5
88,TTC5,10,1
89,PARL,10,1
90,TADA2B,1,1
91,CLN8,10,5
92,GALNT10,2,1
93,TEAD2,7,3
94,UCN2,7,1
95,OTUD4,13,5
96,PAX3,7,17
97,FOXO3,7,20
98,STX2,5,1
99,MED13,15,3
100,PPP5C,1,1
101,API5,3,1
102,FCGR2A,13,2
103,INPP5A,1,1
104,NAF1,20,1
105,PPP1R15B,2,4
106,ELMSAN1,13,4
107,CDKN2AIPNL,16,3
108,MYL6,10,1
109,ZNF507,4,5
110,NACC2,2,3
111,EFCAB14,4,5
112,WIBG,11,1
113,HGFAC,12,1
114,CSAG1,17,1
115,PRIM1,8,4
116,IREB2,9,3
117,VDAC2,10,1
118,SFN,8,2
119,SLC6A8,10,1
120,TNC,7,4
121,FAM50A,3,1
122,KLHL24,5,2
123,NLGN2,21,1
124,ALG14,10,7
125,METTL8,13,1
126,PSME4,1,1
127,GALK2,16,1
128,SLC39A1,7,3
129,TMEM101,17,2
130,RBMXL1,16,1
131,NFYC,7,5
132,CLCC1,2,3
133,ATP5J2-PTCD1,21,1
134,PPP1R7,20,1
135,PTPN4,16,2
136,S100A11,1,1
137,MAP3K2,11,2
138,SRSF6,9,1
139,HADHB,3,1
140,MRE11A,8,1
141,CTPS1,20,1
142,ASB1,5,1
143,XRCC1,8,3
144,PSMA4,11,2
145,PEG10,2,5
146,CNTROB,21,1
147,BCL2L11,7,20
148,CTBP1,5,3
149,H3F3AP6,8,1
150,SEPHS2,3,1
151,PDAP1,5,3
152,RPP25,15,3
153,ATL3,21,1
154,SHMT1,18,3
155,CBWD1,5,1
156,MAU2,10,1
157,UVRAG,18,2
158,SLC38A2,16,7
159,CDK18,17,1
160,NEDD9,13,4
161,SLC30A7,16,5
162,C7orf43,2,1
163,VAMP5,9,1
164,DCUN1D2,1,1
165,SH3BP5,3,1
166,TRADD,15,1
167,SNRPA1,5,2
168,BPGM,5,1
169,CDC23,13,3
170,ECD,8,1
171,RAB5A,19,1
172,SRRM2,4,4
173,FAM20C,10,1
174,CRCP,15,2
175,PAGR1,9,2
176,CTDNEP1,21,1
177,ABHD3,17,1
178,RAC1,14,9
179,CKS1B,9,1
180,ARCN1,3,3
181,SF3B2,3,1
182,UGDH,9,7
183,PRKD1,20,1
184,CHCHD10,10,3
185,ASXL1,21,2
186,MIR101-2,19,239
187,NGRN,19,3
188,AXIN2,8,1
189,EFHD2,16,4
190,RAE1,8,1
191,CSE1L,8,3
192,SNRK,11,3
193,WDR11,1,2
194,DNAJC7,5,1
195,C11orf24,10,4
196,RALBP1,7,2
197,OSBPL10,17,4
198,FKBP7,5,1
199,NFYB,7,38
200,SLC25A13,20,1
201,SNX9,3,2
202,BRWD1,17,3
203,CLIC1,10,3
204,NAT10,21,1
205,TREX1,7,3
206,PRR13,17,3
207,DNAJC30,13,3
208,PITRM1,3,2
209,HERPUD1,20,1
210,SCP2,2,1
211,ATXN2,7,3
212,ZDHHC8,10,1
213,FNBP1,9,4
214,BUD31,1,1
215,EVI5,5,3
216,SAP18,8,1
217,PSMB4,10,1
218,DGCR6L,19,1
219,D2HGDH,8,1
220,BMPR2,11,3
221,IRF4,7,13
222,E2F4,7,11
223,STAU1,17,2
224,CEP41,1,2
225,PAFAH1B2,17,4
226,NCAPD2,1,4
227,DHRS7B,10,1
228,FARP1,20,1
229,ZBTB2,7,4
230,SON,20,5
231,PTGS2,7,28
232,APH1A,10,2
233,CAT,7,4
234,MIR149,21,633
235,TEX10,17,2
236,SPRYD7,20,1
237,TMEM2,17,6
238,PRIM2,21,2
239,LMNB1,19,4
240,PRPF38B,19,1
241,CYC1,7,2
242,TMEM65,20,1
243,DHX38,8,1
244,ITGB8,7,8
245,RAB5B,6,1
246,KLHL12,14,1
247,VEGFB,7,2
248,SLC35B3,9,2
249,ZNF24,10,6
250,YBX1,7,16
251,PATL1,16,1
252,MIR205,14,200
253,ENOX2,3,1
254,RPL34,21,1
255,ST8SIA1,7,4
256,SLC35E2B,10,1
257,SENP5,3,1
258,LDLRAP1,9,2
259,WDR77,18,2
260,REXO1,10,3
261,SLC25A12,9,3
262,NACC1,19,4
263,C9orf142,1,1
264,RAB10,16,3
265,TIAL1,2,5
266,PRR12,8,3
267,ADAMTS1,10,2
268,UBAP2,8,1
269,PSMD1,21,1
270,HSPA4,7,3
271,TMEM109,4,2
272,FZD6,14,4
273,HIVEP3,11,2
274,RRP1B,8,2
275,ILK,7,4
276,ELAVL1,9,3
277,RBBP7,10,1
278,RRAGA,1,2
279,NCAPH2,3,1
280,MIDN,17,6
281,MPG,20,2
282,CLIC4,19,3
283,NUP37,3,1
284,UCK1,20,2
285,UBE2Z,10,5
286,MAPKAPK2,14,5
287,RFC4,3,1
288,ZFYVE16,11,3
289,NUDCD1,18,2
290,STK38,20,1
291,RSU1,8,1
292,AHSA1,6,3
293,TCF7L2,7,16
294,PLEKHA2,8,4
295,TOR1AIP2,18,6
296,TMEM64,5,2
297,FOXK2,16,3
298,ZFP36L2,19,2
299,VDR,7,10
300,GZF1,20,1
301,MRPS9,3,1
302,ZNF317,21,3
303,EOGT,9,6
304,GDAP1,18,1
305,RSL24D1,13,1
306,TRMT1,1,2
307,ELP2,19,2
308,RCN2,1,1
309,PAXBP1,1,1
310,RPS5,10,1
311,CBX3,4,4
312,AHNAK,8,1
313,ERLIN2,8,1
314,CSNK1A1,14,7
315,ABCC1,7,6
316,ECI2,11,1
317,MCTP1,18,1
318,DHRS3,10,1
319,ALCAM,7,2
320,E2F6,7,6
321,VPS45,8,1
322,HSPA14,6,2
323,ME1,8,1
324,WIPF2,18,3
325,SYNJ2,6,2
326,UAP1,1,1
327,CAPN15,21,3
328,CDC25B,16,1
329,AP1B1,17,1
330,KHNYN,21,2
331,CHRAC1,1,3
332,KIAA0100,5,2
333,RAD1,1,1
334,CCNL1,16,2
335,ZNF207,11,4
336,CAMLG,21,1
337,ZNF160,1,1
338,DENR,16,3
339,DDX52,5,1
340,PLA2G12A,16,1
341,SLC9A6,4,2
342,ACBD6,3,1
343,HMBOX1,17,2
344,NUP188,4,1
345,TAF9B,3,2
346,ZCCHC8,21,1
347,TGFBR1,5,4
348,POLD1,7,4
349,SHC1,19,1
350,SMG5,3,1
351,WDR55,15,3
352,CCNB2,20,1
353,MAT2B,7,5
354,CDC42EP4,3,1
355,GSS,7,3
356,GPHN,20,1
357,STIP1,20,1
358,C16orf72,10,1
359,TUBA1C,17,3
360,PLEKHA1,10,6
361,ASPH,7,4
362,SLC35G1,3,1
363,MYO5A,3,3
364,OSBPL8,21,2
365,MTUS1,5,2
366,AGFG2,20,1
367,PCOLCE2,5,1
368,CD2AP,7,5
369,MRPS27,15,3
370,REEP4,3,2
371,DLC1,18,6
372,NSD1,21,2
373,MIR214,6,223
374,SPRED1,4,4
375,NME2,17,2
376,SQSTM1,19,1
377,EEFSEC,3,1
378,GYG1,4,3
379,MAP2K1,8,3
380,RCN1,8,1
381,RNF213,19,1
382,PLEKHA5,1,2
383,ATP5G2,21,1
384,ESRP1,10,2
385,RPL3,10,1
386,MTA2,8,4
387,SIGIRR,21,2
388,DHODH,21,1
389,FLYWCH1,10,1
390,LITAF,7,2
391,FUNDC1,10,1
392,MICAL2,19,2
393,FXN,16,7
394,CXCL1,7,9
395,ETV5,7,4
396,GTF2A1,10,4
397,MFSD6,19,2
398,NUCB2,3,2
399,UBR5,11,1
400,KIAA0586,3,1
401,NCOA5,20,1
402,OSTM1,1,2
403,BTN2A2,19,1
404,TESK1,10,1
405,HOXC4,21,2
406,BAG5,1,2
407,RNF4,17,5
408,GBAS,10,1
409,STK17A,13,2
410,C8orf76,2,1
411,EIF4G1,8,3
412,CKAP4,10,1
413,SETD1B,10,4
414,OXSR1,16,1
415,GLG1,11,2
416,WSB1,11,1
417,CTNNB1,6,16
418,MCL1,7,15
419,TOP2A,7,6
420,OSBPL9,1,1
421,PKMYT1,3,1
422,ARL15,16,4
423,ABCF2,10,4
424,TIMM13,1,1
425,RBM42,1,1
426,EXOC3,1,1
427,PPCS,10,1
428,PRPF40B,3,1
429,CDKAL1,21,2
430,TNRC6A,16,5
431,MRPL41,8,2
432,LEMD3,1,1
433,MRPS33,20,1
434,CPEB2,10,1
435,WBSCR16,13,2
436,PRKCDBP,7,1
437,GGA3,6,4
438,MMAB,2,2
439,HRAS,14,14
440,EMP2,6,1
441,BAHD1,20,4
442,SH3TC2,2,3
443,SLC6A6,7,2
444,CTDSP2,21,2
445,SOX4,7,8
446,EIF4EBP1,10,2
447,RAPH1,18,3
448,RABL2B,20,1
449,FBXL18,17,5
450,ABHD16A,1,1
451,SUPT20H,20,1
452,CLNS1A,10,1
453,DNMT1,13,10
454,GLA,3,1
455,CRBN,10,1
456,TSR1,18,3
457,STAT1,7,25
458,PTK2,7,4
459,HIST1H2BK,4,2
460,NDRG1,7,9
461,MCAT,20,1
462,SLC16A4,21,1
463,LUZP1,6,2
464,SNRPD2,21,1
465,NTPCR,10,1
466,GNAI3,5,1
467,KRIT1,11,1
468,WDR82,1,2
469,MMP3,7,7
470,STRAP,8,4
471,DYNLT1,13,4
472,NHP2L1,21,2
473,ATG16L1,10,1
474,DCK,4,1
475,ATG4B,20,1
476,HNRNPR,18,1
477,UNC119B,19,1
478,MIR29A,13,183
479,FNDC3B,10,5
480,CCNT1,4,2
481,AAR2,21,1
482,TAPT1,1,1
483,CLUAP1,5,2
484,ZNF791,16,2
485,FAM168B,15,2
486,CUL1,20,1
487,PTRF,3,2
488,USO1,20,1
489,AARS2,10,1
490,EXOC2,18,3
491,DFFA,21,3
492,C1orf27,20,1
493,MIER3,2,1
494,FNTB,14,1
495,GSK3B,20,7
496,CBR1,10,2
497,ZNF28,18,3
498,C9orf3,6,1
499,CHD9,5,2
500,PGRMC1,20,2
501,RMDN3,3,1
502,SUCLG2,10,1
503,TBP,7,8
504,COL4A3BP,7,6
505,PPP4R2,9,1
506,APPBP2,16,1
507,FBXL5,18,2
508,SLC25A25,14,2
509,TSC22D1,9,2
510,PLIN3,8,2
511,IGFBP3,7,4
512,RTF1,3,1
513,PDLIM1,10,1
514,CPT1A,6,2
515,ESF1,14,1
516,SEC16A,20,1
517,PNPT1,4,2
518,RAVER1,3,2
519,TXNIP,4,6
520,HPN,12,1
521,SLC7A6,3,1
522,SFMBT1,20,1
523,TUSC2,10,1
524,STX1A,8,1
525,RBM10,17,2
526,FGF2,7,13
527,NUP50,15,5
528,PIGN,13,2
529,WHSC1,11,4
530,MTHFD2,6,6
531,SPTBN1,9,3
532,C9orf78,15,2
533,DAAM1,11,1
534,TBC1D25,21,2
535,EDF1,7,4
536,ZNF106,11,2
537,DDX6,13,6
538,MBNL1,18,6
539,C7orf55-LUC7L2,16,4
540,GOLGA1,2,2
541,POT1,7,1
542,BAD,14,15
543,GPKOW,21,1
544,FYTTD1,2,3
545,DAGLB,3,1
546,EXOSC1,17,1
547,SFPQ,20,10
548,SPATA2,19,1
549,LIG3,21,1
550,GM2A,10,3
551,TRIM2,5,2
552,CREB1,7,78
553,SLC25A36,17,5
554,PHRF1,17,2
555,TRIP13,1,2
556,PLEKHA8,5,2
557,LOXL4,7,3
558,MNT,21,2
559,IRAK1,11,5
560,WT1,17,4
561,MAP2K2,14,8
562,TIMM50,3,3
563,GAR1,1,1
564,PSMB5,17,1
565,ZNF131,13,2
566,PTPRK,9,2
567,TSG101,5,2
568,SESN2,4,7
569,STAT3,7,46
570,FAM213A,20,1
571,NOL10,21,1
572,HIP1R,10,1
573,MED12,4,1
574,PEA15,8,3
575,TMEM14A,16,2
576,SF3A1,3,1
577,NFKBIA,20,2
578,ENOPH1,10,1
579,FLCN,14,1
580,ZNF12,5,1
581,CBX4,5,4
582,SMC3,3,2
583,NHP2,10,1
584,RPS28,10,2
585,SNAI1,7,14
586,IPO5,5,3
587,BIRC5,7,14
588,SLFN5,2,2
589,IFFO2,14,2
590,IGF1,6,5
591,IFI44,19,1
592,RBM33,8,2
593,DDRGK1,1,2
594,TPCN2,8,2
595,WDR19,10,1
596,ZFYVE27,3,1
597,CHMP2B,9,2
598,TPRN,10,1
599,AGO1,10,9
600,BCL3,7,7
601,YARS,1,2
602,TPD52,9,3
603,RNU4-2,7,2
604,SUMO1,9,7
605,NIPA2,14,1
606,SMU1,10,3
607,DERA,17,1
608,UGT8,7,5
609,MBTPS2,14,1
610,CORO1B,8,2
611,SC5D,20,2
612,PEX19,4,2
613,SLC19A1,7,7
614,TWSG1,11,3
615,GPR180,9,2
616,TRIM21,18,1
617,NAA40,13,3
618,KIAA0391,4,3
619,HIST1H2AC,8,3
620,SPRY1,7,3
621,ACADSB,9,1
622,C12orf73,2,1
623,SLC7A11,10,4
624,CCDC137,1,1
625,NUPR1,7,2
626,ZNF367,15,4
627,SAFB,20,2
628,STK35,21,1
629,CUL4B,1,1
630,SUPV3L1,19,1
631,HADHA,20,2
632,WDR12,3,1
633,XPO6,4,2
634,PTPN23,16,2
635,SEMA4C,6,3
636,RFC1,17,1
637,ITGA5,7,12
638,NCKAP5L,17,1
639,POLR3K,21,1
640,DDIT4,19,11
641,POGK,13,1
642,ANKS1A,10,1
643,CD151,20,2
644,FSCN1,13,4
645,CDK17,16,2
646,KIAA0430,1,1
647,MTFR1L,1,1
648,RPLP0,2,3
649,CDC20,8,4
650,GIT1,21,1
651,PPIL3,20,1
652,TPI1,3,2
653,ZNF664,5,1
654,DCAF10,11,2
655,GPM6B,19,3
656,MARCKSL1,2,2
657,TMX4,11,1
658,DHX8,10,1
659,RYBP,9,1
660,MAN2B1,7,2
661,ASXL2,13,4
662,RAB8A,19,2
663,HYOU1,3,1
664,MAP3K6,14,4
665,ETV1,7,1
666,ACTG1,17,7
667,SLC2A1,6,3
668,RSF1,11,4
669,MMD,14,1
670,RPIA,8,2
671,GID8,17,1
672,USP42,7,1
673,RGP1,15,2
674,SLC5A6,20,2
675,WDR13,5,1
676,ATP13A2,3,1
677,EIF2B2,1,2
678,RNPS1,17,4
679,BUB1,3,1
680,CEBPB,7,30
681,THAP11,7,1
682,KREMEN1,2,4
683,ERAP1,10,1
684,C12orf10,1,1
685,TIAM1,14,10
686,GULP1,10,2
687,MCAM,7,6
688,FKBP10,5,1
689,IRF3,7,3
690,HTRA1,1,1
691,ATXN1,19,3
692,SUOX,20,1
693,POLRMT,10,1
694,IRGQ,10,3
695,RPL26,3,2
696,PCYOX1,1,1
697,DCTN6,13,1
698,CAMK4,2,1
699,RBFOX2,10,4
700,TSNAX,11,1
701,LOXL2,13,1
702,FXR2,7,4
703,B4GALT5,14,5
704,POU2F1,7,9
705,HP1BP3,13,2
706,ARHGAP1,8,2
707,PRPF38A,4,1
708,RAP1A,4,1
709,SDHC,9,1
710,TOE1,20,1
711,EIF3B,17,2
712,ABCB8,20,2
713,DHX9,21,4
714,HFE,19,2
715,ACAT2,10,1
716,AGRN,1,1
717,ISG15,7,5
718,MLF2,10,1
719,GTF2E2,2,1
720,EIF5,11,2
721,MOXD1,11,1
722,RB1CC1,7,3
723,NGFR,21,1
724,RRP8,20,1
725,CRIM1,4,2
726,NT5C2,6,4
727,PTEN,14,29
728,5-Mar,8,1
729,FAM131A,20,1
730,SIKE1,16,4
731,UTP18,21,2
732,AKT1,14,16
733,RPS21,3,1
734,ISCU,11,1
735,OVCA2,1,1
736,GCN1L1,17,4
737,PSMD2,10,1
738,ASF1B,6,2
739,GOT2,10,1
740,SLC25A28,4,1
741,PCGF3,6,3
742,TMTC1,3,2
743,AMOTL1,15,5
744,KIF22,19,5
745,NDUFAF3,17,2
746,FOXM1,7,20
747,TSC1,10,3
748,UBN1,2,1
749,GFPT1,8,1
750,AKAP9,11,1
751,ARID1A,18,6
752,IRF2,7,9
753,ANAPC1,3,2
754,LYPLAL1,2,1
755,PMEPA1,10,3
756,COL6A2,7,2
757,CHEK1,7,8
758,BHLHE41,7,3
759,DCTN1,10,1
760,PPP2R2A,4,6
761,VAPA,2,2
762,CMPK1,4,2
763,ZNF226,13,1
764,POLR2E,21,1
765,NTMT1,13,2
766,AP2A2,8,1
767,PIGP,6,1
768,NAMPT,7,4
769,NUDCD2,6,1
770,SCARB2,14,3
771,BCL2A1,7,5
772,OAF,9,1
773,FECH,10,1
774,ZFP36L1,5,4
775,OSBPL2,21,2
776,CYTH1,8,2
777,SCLY,3,2
778,MTFR1,20,1
779,ARRB1,10,1
780,TXLNG,20,1
781,TRIM28,21,5
782,EZH2,19,10
783,RND3,19,2
784,BRPF1,20,2
785,HCCS,16,1
786,DPM1,4,1
787,TMSB4X,14,3
788,SNX1,21,1
789,TNFRSF1B,7,3
790,PAIP2,17,2
791,PTRH2,21,2
792,RANBP2,10,1
793,KIF23,7,3
794,DIMT1,19,1
795,TRIB3,4,1
796,NOC2L,21,2
797,GTF3C5,17,1
798,CHD8,1,1
799,MLEC,16,3
800,PCBP2,8,4
801,EXOSC10,3,2
802,RPN2,2,1
803,RRM2,2,7
804,GRPEL2,20,4
805,KDM1A,1,2
806,PACSIN2,1,2
807,P2RX7,9,2
808,HEATR1,10,1
809,MICA,4,2
810,TMEM55B,14,3
811,CBL,1,1
812,C21orf91,13,3
813,BMI1,7,8
814,ZDHHC5,10,2
815,NRF1,11,26
816,SRSF1,15,4
817,CCNL2,17,1
818,CNOT11,21,2
819,FAM8A1,2,1
820,RAD17,5,1
821,SNRNP27,4,2
822,CXorf56,10,1
823,ELAC2,10,1
824,NSMCE4A,20,1
825,TRPV2,14,2
826,SLC25A10,17,2
827,PIGQ,6,2
828,SERGEF,1,1
829,DYRK2,19,3
830,ZNF217,11,1
831,EMD,10,2
832,RNF125,19,1
833,CAPN1,8,1
834,GLRX2,6,2
835,ADAM10,1,7
836,PPP1R2,2,2
837,LSM6,20,1
838,TMEM245,17,5
839,ALKBH5,13,3
840,MPP6,10,1
841,FAT1,5,2
842,TFG,3,2
843,CAPN5,6,1
844,LPCAT1,14,4
845,TMEM183A,17,1
846,CDKN2A,7,16
847,PDXP,10,1
848,MRGBP,19,2
849,NLE1,17,3
850,DDX18,20,2
851,HLCS,19,1
852,EEF1A2,1,1
853,HMGB2,5,2
854,ATL2,17,2
855,KDELR1,20,2
856,PTGFRN,20,2
857,EFTUD2,3,2
858,DCTN5,4,4
859,GTPBP3,5,2
860,DRAP1,1,1
861,TPRKB,1,1
862,RPL39,1,2
863,ERO1L,18,4
864,AGFG1,4,1
865,PTBP1,10,1
866,POLG,17,1
867,RECQL,10,1
868,MRPL32,3,2
869,TSC2,10,5
870,STK17B,5,1
871,SMAD4,7,19
872,SLC11A2,21,5
873,SNX10,10,1
874,DIP2C,8,1
875,DYRK3,17,4
876,PI4K2A,9,1
877,KLHL20,19,1
878,HECTD3,6,2
879,ZSWIM7,8,2
880,OBSL1,21,1
881,PCYT1A,3,2
882,KATNAL1,14,1
883,RPS3A,10,2
884,VPS36,11,2
885,LRRC42,21,1
886,C9orf41,19,2
887,DNAJB4,7,6
888,AKAP8L,4,1
889,WBP11,8,2
890,JMJD1C,14,1
891,SRSF2,17,8
892,TICAM1,17,3
893,CHD1,2,2
894,TUBB3,3,3
895,STRIP2,6,3
896,ID2,7,5
897,ATXN7L3B,20,1
898,UBE2Q1,15,2
899,MDH2,3,2
900,SLC1A4,20,1
901,PTPN14,11,1
902,BAG2,6,2
903,SCAF11,11,2
904,DTYMK,8,1
905,TMEM70,18,4
906,SDAD1,20,1
907,TCFL5,3,1
908,CREM,7,9
909,POLR2H,20,1
910,YWHAB,16,2
911,UQCRB,11,3
912,NECAP2,21,1
913,TOB2,17,2
914,PMPCA,20,2
915,CYGB,7,3
916,NOL12,10,1
917,TP53BP1,5,2
918,PPAP2B,5,1
919,IFT172,10,1
920,CBFB,1,4
921,PCBP1,11,1
922,PQBP1,21,1
923,OXR1,19,2
924,PTAR1,10,5
925,SLC25A15,3,1
926,SMARCC2,6,3
927,FN3K,21,1
928,EPB41L1,9,1
929,BNIP3,1,3
930,SEMA6A,2,1
931,RB1,7,13
932,RPL7A,10,2
933,CHCHD2,17,2
934,TOR1A,13,1
935,STK40,4,1
936,TMED7,17,4
937,DRAM1,5,2
938,SGPP1,8,2
939,SNAP23,8,3
940,TPD52L2,13,2
941,GDI2,17,2
942,KCTD5,8,3
943,MIR146A,19,140
944,NOL6,3,2
945,MED16,10,4
946,MGAT5,5,5
947,WDTC1,16,1
948,PPP1CB,18,2
949,PCGF5,2,2
950,UBA3,1,2
951,ARHGEF39,21,1
952,KMT2E,5,1
953,FAM98B,13,3
954,IL17RA,10,1
955,AFAP1,20,1
956,EHD2,6,1
957,FLOT2,6,1
958,KDM4A,8,2
959,ZBTB18,15,2
960,STAT6,7,7
961,GABPA,7,16
962,NAA50,5,5
963,HSD17B12,14,7
964,BTN3A3,11,1
965,TUBB,10,5
966,IGF2BP3,8,2
967,TGFBI,7,4
968,UTP15,19,2
969,C12orf65,17,1
970,STX5,1,1
971,CRTC2,5,2
972,SRPRB,19,2
973,UPF2,1,2
974,COX7C,3,1
975,TGFBR2,7,11
976,DDB2,7,4
977,NEIL2,3,1
978,CCNT2,13,5
979,INTS6,1,1
980,VIM,7,10
981,MRS2,1,2
982,TGFB3,13,2
983,URM1,8,1
984,EPHX1,7,4
985,MAPK14,14,11
986,CANX,17,1
987,CDK2AP1,11,1
988,IGFBP4,7,4
989,ATG3,1,1
990,GLTSCR2,20,1
991,AMOT,14,2
992,SLC16A3,7,1
993,HNRNPAB,8,6
994,ANP32B,15,3
995,ADO,14,4
996,CDC5L,10,5
997,TFDP2,16,2
998,IFIT5,19,3
999,TIMP3,17,4
1000,PCCA,1,1
1001,NDUFA12,2,1
1002,SRSF7,2,2
1003,AKT3,17,3
1004,IWS1,3,1
1005,PRAF2,1,2
1006,METTL2A,10,1
1007,CERK,19,1
1008,ATP6V0A1,20,1
1009,REEP3,8,1
1010,RGMB,16,2
1011,MIA,7,1
1012,MEPCE,3,1
1013,RNF187,5,1
1014,LIMA1,13,1
1015,BTBD3,16,3
1016,POMC,7,6
1017,TENM3,15,2
1018,MOSPD1,5,1
1019,TSPAN3,16,3
1020,ANXA2,1,1
1021,MAN2A1,21,2
1022,PGPEP1,17,5
1023,MYH9,9,6
1024,RACGAP1,7,4
1025,PARVB,20,1
1026,COBLL1,11,2
1027,ATP13A3,5,3
1028,CDK13,2,2
1029,KIT,7,12
1030,SLC25A4,20,1
1031,RAF1,14,4
1032,NUMB,4,4
1033,BMPR1A,10,5
1034,SH3GL1,2,2
1035,TTL,21,2
1036,NBPF1,2,1
1037,LHFPL2,10,6
1038,ALDOA,7,4
1039,AKAP17A,16,3
1040,ARL6IP6,14,2
1041,PIGS,13,3
1042,SLC25A38,10,1
1043,TRIM22,7,3
1044,TMEM248,6,2
1045,RAP2C,19,3
1046,GABARAP,6,1
1047,ASPM,3,1
1048,CENPJ,3,1
1049,EXOSC2,6,4
1050,RCE1,14,1
1051,C15orf40,17,1
1052,CRK,15,5
1053,APITD1,5,1
1054,CAPG,8,2
1055,TOR1B,10,3
1056,AFTPH,11,2
1057,LLGL1,21,1
1058,SLC25A5,7,3
1059,M6PR,6,3
1060,RHOQ,11,1
1061,FBXL7,4,1
1062,CCDC86,2,4
1063,C17orf49,6,1
1064,TRAK1,1,1
1065,PEAK1,10,1
1066,SRD5A1,16,3
1067,ARIH2,17,2
1068,BANP,7,4
1069,FMR1,11,6
1070,APRT,20,1
1071,RRP9,10,1
1072,UBAP2L,10,3
1073,HSPH1,7,4
1074,RELA,7,69
1075,EHD1,8,2
1076,TUBGCP3,20,1
1077,ST3GAL5,7,3
1078,SRP68,17,1
1079,ARHGEF12,11,1
1080,PUS1,3,2
1081,MINOS1,21,1
1082,PHC1,21,1
1083,DHX15,17,1
1084,RAB12,16,1
1085,LRP10,13,2
1086,ZNF561,1,2
1087,DMWD,17,1
1088,FAM103A1,19,1
1089,KIRREL,1,1
1090,MVK,15,1
1091,RARA,7,5
1092,ARHGAP21,11,1
1093,ITGA3,7,6
1094,SLC4A2,7,4
1095,PCCB,19,3
1096,LOH12CR1,14,1
1097,RTFDC1,1,1
1098,TMBIM6,1,1
1099,IFRD1,13,3
1100,FANCG,3,1
1101,RBM34,20,1
1102,RUFY3,11,1
1103,VPS41,16,3
1104,ATOX1,10,4
1105,VLDLR,7,4
1106,DESI1,21,1
1107,LLPH,8,2
1108,SLC25A1,7,4
1109,FTSJ1,10,1
1110,RAB5C,15,6
1111,ISOC2,3,2
1112,RAP2B,18,4
1113,ANAPC13,15,1
1114,POM121,17,2
1115,XPNPEP3,5,1
1116,MYO19,10,1
1117,TRAM1,1,1
1118,PLOD2,17,1
1119,ESCO2,21,1
1120,ZBTB10,6,1
1121,EIF3J,1,1
1122,MED25,11,2
1123,MRRF,3,1
1124,SUMO2,20,1
1125,HTT,7,4
1126,SAP30L,1,2
1127,TRIM38,13,2
1128,RBM38,4,3
1129,ARHGAP12,16,2
1130,PPP2CA,7,2
1131,MDM4,9,10
1132,NLGN1,4,1
1133,ACO1,7,1
1134,SPINT1,12,1
1135,CIAO1,1,3
1136,OLA1,19,2
1137,UBE2R2,10,1
1138,MTMR4,3,1
1139,ATXN3,7,5
1140,OSMR,10,2
1141,PLAT,7,6
1142,ACAP2,21,1
1143,GPR137B,5,1
1144,COL4A2,13,5
1145,DNAJB6,8,3
1146,EXOC8,17,5
1147,SKP2,11,2
1148,DMTF1,11,2
1149,CCDC14,15,3
1150,EXT2,8,1
1151,ZNF267,10,5
1152,CDCA5,4,2
1153,TFCP2,7,2
1154,CHST14,3,1
1155,MPPE1,19,1
1156,POLR3E,4,3
1157,HNRNPA1,15,5
1158,UBXN8,20,1
1159,TFAM,15,6
1160,CEP57L1,6,1
1161,XPO1,2,4
1162,NPM1,10,5
1163,SURF6,10,1
1164,SVIP,6,1
1165,TOM1L1,10,1
1166,RBX1,10,1
1167,OXNAD1,1,2
1168,XBP1,7,4
1169,RANGAP1,4,3
1170,KIF1B,9,4
1171,NFIC,7,19
1172,ITGB3BP,9,1
1173,VEGFA,7,29
1174,GGPS1,20,1
1175,CNOT10,1,1
1176,ROCK2,18,3
1177,SKI,10,7
1178,GRN,9,2
1179,MMP2,7,25
1180,PGM3,2,4
1181,TMEM194A,1,2
1182,ERCC2,7,1
1183,GSK3A,20,4
1184,SUCLG1,10,1
1185,TERF2IP,20,1
1186,EHD4,20,1
1187,AIFM2,6,1
1188,MIR9-3,9,239
1189,SH3BGRL3,8,1
1190,TRMT61A,10,1
1191,HMGN2,14,1
1192,CNBP,7,1
1193,NELFCD,8,1
1194,C12orf57,10,1
1195,CCSER2,10,2
1196,SH3PXD2A,16,5
1197,CBR4,1,1
1198,NT5E,7,9
1199,HERC2,3,1
1200,SLK,11,1
1201,HMGB3,14,2
1202,CDKN2AIP,8,1
1203,RASSF8,9,3
1204,ADRBK1,5,1
1205,DCAF7,4,5
1206,LGALS3BP,20,2
1207,DAG1,13,3
1208,MND1,3,1
1209,RRAGC,11,2
1210,EXT1,18,1
1211,PACS2,21,3
1212,PRDM4,20,1
1213,STX16,19,7
1214,CBFA2T2,19,2
1215,HSPB8,3,1
1216,CADM1,6,3
1217,ATG10,9,2
1218,BBX,9,4
1219,ERCC6L2,21,1
1220,PHF13,2,2
1221,DHDDS,21,1
1222,DIAPH3,1,1
1223,DDX28,20,1
1224,CCDC59,16,3
1225,CLPX,20,1
1226,MBP,7,1
1227,EMILIN2,20,2
1228,DNAJC11,3,2
1229,HIGD1A,6,1
1230,MC1R,7,3
1231,TBC1D15,15,2
1232,PITPNB,5,2
1233,RPL13A,10,1
1234,XRCC5,7,7
1235,PNPLA4,1,1
1236,CASP9,14,6
1237,NCALD,18,1
1238,C11orf30,4,2
1239,PPARA,7,9
1240,QSOX2,21,2
1241,PSMD11,10,1
1242,ATP6V1A,21,1
1243,MYLK,7,7
1244,GLI3,7,1
1245,DUSP12,20,1
1246,ACAT1,9,3
1247,KAT2A,10,1
1248,ANKZF1,20,1
1249,STRBP,11,2
1250,ATM,7,10
1251,MRM1,20,1
1252,PPP6R1,16,2
1253,NAP1L1,2,3
1254,CA8,9,1
1255,ORAI2,14,7
1256,NCAPH,3,2
1257,ZNF277,10,2
1258,EP300,7,12
1259,EIF6,10,2
1260,JARID2,4,5
1261,PIN1,16,3
1262,AGAP3,21,1
1263,SOCS2,7,1
1264,VPS8,6,3
1265,HLA-DPA1,1,1
1266,HDAC1,7,5
1267,MSL2,2,2
1268,PLEKHO2,2,1
1269,MIR31,4,162
1270,LAMC1,14,3
1271,RPS6KA4,16,2
1272,PCGF6,18,1
1273,ACTN1,3,1
1274,CMC1,20,1
1275,RNASEH1,3,1
1276,TRIOBP,10,1
1277,UBR4,8,2
1278,SRF,7,11
1279,POLR3D,21,2
1280,TP53,7,108
1281,OTUB1,20,1
1282,NCOA4,18,1
1283,KLF9,17,4
1284,BAZ2A,5,5
1285,TMX3,1,1
1286,CPS1,19,2
1287,UBE2V1,6,4
1288,RER1,16,1
1289,SRP72,14,1
1290,ATP6V0E1,5,1
1291,MAPK8IP1,13,5
1292,CCAR1,10,1
1293,COX17,2,1
1294,TM9SF3,9,6
1295,ORC6,3,2
1296,WDR1,10,1
1297,SAPCD2,17,3
1298,CNOT2,10,3
1299,NRD1,20,1
1300,ETS1,7,31
1301,ATP5A1,4,3
1302,NDRG3,10,1
1303,SHOX2,16,2
1304,S100A1,5,1
1305,TOM1,15,4
1306,RABGAP1,9,3
1307,FAM178A,20,1
1308,DEDD2,10,1
1309,TRAPPC1,20,1
1310,MBD6,21,3
1311,RFC2,21,2
1312,PLXNA1,2,2
1313,NUP54,14,1
1314,RPSA,20,3
1315,ATF2,7,28
1316,ZNF286A,13,3
1317,PSMG1,1,1
1318,GGA2,10,1
1319,EDC4,10,1
1320,QDPR,19,4
1321,PARK7,18,4
1322,AUP1,20,2
1323,PTPN3,11,2
1324,EN2,18,3
1325,CC2D2A,10,1
1326,ATAD3A,21,2
1327,STRN4,21,1
1328,ELF1,17,5
1329,UBL4A,8,2
1330,HMGCR,3,3
1331,RASSF3,3,1
1332,NMD3,1,3
1333,POLA1,7,7
1334,AIMP2,8,2
1335,SOX5,5,2
1336,PBXIP1,16,1
1337,EIF4H,21,1
1338,NAT8L,3,2
1339,GGCT,20,2
1340,KHDRBS1,8,2
1341,ENKD1,3,1
1342,FBXW2,21,3
1343,POR,7,4
1344,L1CAM,13,4
1345,RNMTL1,13,4
1346,INTS1,20,1
1347,APOLD1,11,3
1348,ACOT9,15,3
1349,EDNRB,7,2
1350,MSH6,11,4
1351,SPP1,7,9
1352,CCS,3,1
1353,ADAM9,2,1
1354,LSM14A,2,2
1355,KDM3B,19,2
1356,USP18,17,2
1357,FNTA,14,4
1358,TLN2,10,1
1359,COL18A1,10,1
1360,PLD2,18,1
1361,TSEN34,3,1
1362,CCBL2,20,1
1363,RRBP1,8,3
1364,ARNT,7,6
1365,IKBKAP,10,1
1366,BAX,7,14
1367,PARP1,7,12
1368,EPN1,10,1
1369,H1FX,8,2
1370,CLDND1,10,1
1371,CASP7,14,4
1372,RRAGD,8,2
1373,ATP6V0E2,2,1
1374,SCD5,9,3
1375,CDK12,9,2
1376,LPIN1,7,4
1377,PNMA1,2,1
1378,GXYLT1,18,5
1379,MAP7D1,20,1
1380,PPP6R2,21,2
1381,LIN54,4,2
1382,MCM3AP,17,1
1383,COPS8,2,2
1384,RECQL4,3,1
1385,GAB1,2,1
1386,PLEKHB2,4,2
1387,TUBB2B,10,1
1388,ZC3HAV1,20,2
1389,SPRYD3,17,1
1390,SUV39H2,11,2
1391,MPP5,16,4
1392,SPAG9,9,3
1393,WARS2,20,1
1394,BDH1,4,1
1395,KCTD20,14,2
1396,E2F1,7,64
1397,RTN3,14,2
1398,RPL5,5,1
1399,TMEM18,16,2
1400,TRIM32,1,1
1401,RNF34,5,1
1402,CUX1,7,9
1403,TCEAL1,17,3
1404,CTPS2,10,1
1405,RBM7,21,1
1406,BID,7,11
1407,XRCC6,21,4
1408,PITPNA,4,3
1409,SAP30BP,10,1
1410,CREB3L2,1,2
1411,PPAN,10,1
1412,EIF3K,10,1
1413,SIPA1L1,5,2
1414,STAG1,10,4
1415,MAPKAPK5,10,1
1416,ATAT1,15,1
1417,ACSL4,14,3
1418,NMT2,5,1
1419,HSPB1,7,3
1420,CENPM,13,1
1421,SMAD7,7,3
1422,SOX10,7,7
1423,ZBTB7B,21,1
1424,GREB1,6,2
1425,BCL9L,14,3
1426,PIK3C2A,5,2
1427,FXR1,8,3
1428,VPS37B,16,2
1429,RPAP1,1,2
1430,PIP5K1C,10,4
1431,CPSF1,20,1
1432,RFT1,16,2
1433,THYN1,20,1
1434,SRRT,17,2
1435,ELOVL1,20,1
1436,BACE1,7,6
1437,EGFR,7,16
1438,AP3D1,10,1
1439,ATG12,2,2
1440,RPA2,2,3
1441,GALNT1,2,1
1442,DYNLL2,16,1
1443,TUBG1,16,1
1444,PAM16,1,1
1445,FKBP8,10,1
1446,SENP1,8,3
1447,GNAS,14,7
1448,CNIH1,10,4
1449,C1orf123,14,1
1450,DUSP14,7,1
1451,ZDHHC20,2,1
1452,FBXW8,21,1
1453,SCAF8,13,3
1454,CCNB1,7,11
1455,PTK7,3,2
1456,NAPEPLD,3,1
1457,YIPF4,10,4
1458,MRPL9,10,1
1459,CDK1,7,12
1460,KITLG,13,2
1461,GRWD1,21,1
1462,ZNF687,20,2
1463,PELP1,10,4
1464,PLP2,17,1
1465,SMARCC1,13,3
1466,NKTR,11,1
1467,ESD,19,4
1468,UBE2E2,21,1
1469,MTSS1L,19,3
1470,CYBA,7,2
1471,TNFRSF12A,18,1
1472,HEY2,7,3
1473,C5orf45,21,1
1474,WDR74,20,1
1475,HMBS,10,2
1476,POLR2F,16,1
1477,ZNF318,21,1
1478,PGAM4,10,3
1479,GTF3C4,20,1
1480,ANKRD13C,5,1
1481,TNFAIP3,7,5
1482,KCTD2,14,4
1483,PTPN1,7,1
1484,RAP1B,18,8
1485,TNPO1,15,8
1486,SMARCAD1,15,2
1487,HNRNPA0,19,2
1488,PSMC3,10,1
1489,SPATS2L,11,2
1490,PXN,10,3
1491,PIAS1,19,1
1492,CTGF,7,7
1493,SNX6,1,1
1494,SMARCE1,1,1
1495,UBE3C,2,2
1496,ABCC10,7,4
1497,CFDP1,2,1
1498,MED1,14,1
1499,COPS3,1,2
1500,SAT1,7,1
1501,CYR61,7,7
1502,SZRD1,10,4
1503,SDC4,7,5
1504,IFNAR2,4,2
1505,SP100,4,2
1506,TRIM24,1,2
1507,HPS5,11,1
1508,NR2F2,7,4
1509,USP16,5,1
1510,DCP2,10,1
1511,HIF1A,7,68
1512,ELOVL6,10,1
1513,AHCTF1,20,1
1514,RNF41,18,2
1515,LRRC57,11,1
1516,NMT1,2,2
1517,SETD8,6,3
1518,USP4,16,1
1519,SLC39A11,6,1
1520,CLTA,10,3
1521,DDX41,20,1
1522,GLTSCR1,19,2
1523,COQ10B,3,1
1524,CD99,20,1
1525,AKR7A2,8,2
1526,PROSC,8,2
1527,RAB2A,1,1
1528,MCM10,8,2
1529,IER3IP1,2,4
1530,DEAF1,17,4
1531,MARVELD1,1,1
1532,SDCBP,1,1
1533,CALCOCO2,20,1
1534,LAMB1,3,1
1535,METTL2B,10,1
1536,ST13,11,2
1537,PI4K2B,18,1
1538,DYNLL1,13,2
1539,CDIPT,20,1
1540,PIGT,8,1
1541,GPR143,7,1
1542,ACTN4,5,4
1543,ELMO2,19,2
1544,SPRY4,11,2
1545,YARS2,21,1
1546,CD44,7,7
1547,CISD2,5,2
1548,MYH14,21,2
1549,FAM217B,11,2
1550,NOTCH1,7,13
1551,SF3A3,10,1
1552,DHX57,20,1
1553,FOSL1,7,27
1554,TNPO3,8,2
1555,RASAL2,18,2
1556,SUGP1,10,1
1557,AMMECR1,5,2
1558,TAF11,14,1
1559,ACTB,7,9
1560,MEGF9,11,2
1561,NSUN2,11,4
1562,UCK2,10,6
1563,DICER1,17,8
1564,HPS4,5,1
1565,C19orf47,20,1
1566,ZNF83,5,3
1567,RAB38,20,1
1568,MYLIP,17,5
1569,ACVR1B,5,2
1570,APOL2,8,2
1571,MPRIP,4,1
1572,PABPC1,5,6
1573,ANXA4,8,1
1574,MITF,7,30
1575,PRR14L,18,2
1576,KIF20A,10,1
1577,HSD17B7,7,6
1578,PPIF,15,3
1579,PIM3,18,4
1580,SH3BGRL,5,1
1581,MAGEA12,8,2
1582,PRMT5,10,1
1583,ARID5B,19,2
1584,ATXN10,1,2
1585,RUVBL2,20,2
1586,MCM2,8,2
1587,PCMTD1,10,4
1588,ACTR2,11,2
1589,PPP1R9B,10,1
1590,CCAR2,21,1
1591,VANGL1,17,3
1592,RNF10,17,1
1593,ACBD5,11,1
1594,KIAA1109,10,2
1595,GADD45B,7,4
1596,CDK11A,7,3
1597,CDT1,3,1
1598,PRKAR2A,20,3
1599,ANKRD17,19,2
1600,AMMECR1L,11,4
1601,DOCK7,11,2
1602,RPS10,3,2
1603,PDIA3,19,1
1604,ST8SIA2,7,1
1605,AZIN1,2,1
1606,PHF6,1,1
1607,HNRNPK,7,10
1608,TBC1D20,20,1
1609,MEF2A,19,1
1610,ERGIC3,20,1
1611,TANC2,10,1
1612,TFAP4,7,4
1613,ERLIN1,8,2
1614,DSCC1,3,2
1615,FAM189B,10,1
1616,KLF3,15,1
1617,HAUS1,10,1
1618,CYFIP1,1,2
1619,RNF220,2,1
1620,RUNX1,7,12
1621,ATP2B4,11,2
1622,PYCR1,8,1
1623,MARS,17,4
1624,TNPO2,10,1
1625,PML,5,2
1626,TMEM214,19,1
1627,VPS4B,10,3
1628,USP15,17,3
1629,FZR1,13,1
1630,MRPL17,21,1
1631,SKIV2L,17,1
1632,NPC2,10,1
1633,ZCCHC24,13,2
1634,BIRC3,8,1
1635,EIF4A1,1,2
1636,RAP2A,8,1
1637,SSR2,21,1
1638,MOB1B,5,3
1639,PLOD1,21,1
1640,RPS3,5,2
1641,SMG7,20,1
1642,EIF3E,13,2
1643,FAM13B,17,1
1644,MAN1A2,5,2
1645,FLYWCH2,18,2
1646,ATOH8,3,1
1647,UNC13B,17,3
1648,CELF2,18,1
1649,GLB1,1,2
1650,TMED2,2,2
1651,PYGB,8,1
1652,CALR,18,4
1653,KIF2A,18,3
1654,SGK1,13,4
1655,COG6,4,1
1656,THOC2,11,2
1657,RHOT2,10,1
1658,DIS3L,3,1
1659,RPS20,1,1
1660,ASAP1,18,1
1661,MRPS35,13,1
1662,EXOSC5,4,1
1663,IMPDH2,7,7
1664,ESYT1,3,1
1665,CAMTA1,8,2
1666,PRPF4B,21,1
1667,RPS23,5,2
1668,CCSAP,18,4
1669,PHTF1,11,2
1670,RUVBL1,3,1
1671,DOCK10,11,1
1672,GSTM2,5,2
1673,ZNF174,10,1
1674,RAPGEF1,18,4
1675,GEMIN2,10,2
1676,FOSL2,7,11
1677,TTC37,19,3
1678,BAG6,8,5
1679,SLC20A1,7,4
1680,CHN1,10,1
1681,PRKAA1,19,5
1682,CHCHD5,10,1
1683,DDX19A,4,2
1684,IFNGR1,7,4
1685,CCDC28A,3,1
1686,POLR2D,18,2
1687,RAB3GAP2,8,2
1688,PRR3,8,1
1689,LMAN1,5,2
1690,AATF,21,2
1691,CAPRIN1,11,4
1692,PSAT1,18,3
1693,DERL2,17,3
1694,SYNJ2BP,20,2
1695,KANSL2,8,2
1696,NPLOC4,10,1
1697,TAF2,5,1
1698,VCP,4,3
1699,MYO6,19,3
1700,S100B,13,2
1701,ZNF503,21,2
1702,SH3BP4,18,4
1703,NQO1,7,10
1704,RPRD1A,1,1
1705,TYR,7,5
1706,LSG1,21,3
1707,BAMBI,14,2
1708,LYN,17,6
1709,COG2,1,1
1710,VPS37C,21,1
1711,MIB1,2,4
1712,GBF1,3,2
1713,KHSRP,16,5
1714,EMP1,13,3
1715,MRPS11,20,1
1716,GUF1,4,1
1717,TBRG4,20,1
1718,LDHB,17,2
1719,SRPR,10,3
1720,CTDSPL,10,2
1721,AIFM1,1,2
1722,MAP4K4,4,2
1723,ADARB1,16,3
1724,RPS9,21,1
1725,UMPS,9,2
1726,FAM195A,4,1
1727,PFKFB3,7,3
1728,VPS18,4,2
1729,POLK,7,7
1730,ADCY9,13,2
1731,PEX5,10,1
1732,SMURF2,18,1
1733,SLC16A1,7,6
1734,STAT2,17,2
1735,LPXN,9,1
1736,CSNK2A1,6,3
1737,DONSON,3,1
1738,TIMM8A,1,2
1739,AP3M2,5,2
1740,RAB11FIP2,11,2
1741,CHST12,10,1
1742,CCDC134,20,1
1743,PHLDA3,10,1
1744,PSME3,1,3
1745,TBL3,8,1
1746,PUS7,8,2
1747,ZMYM2,18,3
1748,DDI2,10,3
1749,DUSP11,10,1
1750,CHKA,7,1
1751,EBAG9,3,2
1752,SETDB1,10,1
1753,ZNF480,19,1
1754,CIAPIN1,17,6
1755,RNASEH2A,10,1
1756,FAM84B,19,2
1757,CUL2,20,1
1758,SCO1,18,2
1759,KIAA0195,5,2
1760,DNMT3A,13,7
1761,IGSF11,7,1
1762,CFL2,14,4
1763,BNIP3L,2,4
1764,ZFYVE21,10,2
1765,WASF2,8,2
1766,PEBP1,7,8
1767,MLXIP,2,2
1768,YIPF3,3,2
1769,11-Sep,19,3
1770,QSOX1,3,1
1771,VMA21,10,4
1772,FGFR1OP,18,3
1773,POLR3G,20,1
1774,SLC41A1,14,1
1775,DTX3L,11,2
1776,ATP6V1F,20,1
1777,DTL,10,1
1778,DCTN4,2,2
1779,BCL7B,19,1
1780,MAP2K4,10,6
1781,CAMTA2,10,1
1782,SYF2,20,1
1783,AHCYL2,20,2
1784,CFLAR,7,1
1785,LUC7L2,16,5
1786,CTSB,10,1
1787,MIR182,5,117
1788,MEA1,17,1
1789,TXNRD1,7,4
1790,TCHP,10,1
1791,SEC23A,19,2
1792,PRPS1,20,1
1793,GLYR1,17,2
1794,WDR73,19,1
1795,LMAN2,20,1
1796,HDAC2,21,1
1797,PITHD1,11,2
1798,ERBB2IP,19,3
1799,QARS,9,2
1800,GRB2,8,4
1801,EXOC5,10,4
1802,CNNM3,18,3
1803,CDC14B,19,1
1804,INSIG1,13,6
1805,HEATR3,3,1
1806,RPS27,13,1
1807,HES6,21,2
1808,F2,9,2
1809,UBXN4,10,4
1810,DDHD2,11,1
1811,HSPA1B,10,10
1812,NCOA3,6,7
1813,DDX27,5,1
1814,APPL1,11,3
1815,C1QBP,3,2
1816,GAPDH,10,6
1817,SEC23IP,9,2
1818,EXOSC6,10,1
1819,GTDC1,1,1
1820,HSPB11,1,1
1821,ETS2,7,17
1822,DPH7,10,1
1823,CHEK2,7,9
1824,FAM73B,9,4
1825,OPA3,10,4
1826,MTDH,7,9
1827,SSNA1,3,1
1828,CDC40,1,1
1829,C1orf21,19,2
1830,LUC7L,1,1
1831,AXIN1,10,1
1832,TGM2,8,2
1833,COPS2,5,2
1834,RPL27A,4,3
1835,DLG1,11,1
1836,PELO,17,3
1837,YWHAG,15,3
1838,PSMB6,10,1
1839,TMEM45A,5,1
1840,RAI1,20,1
1841,RAB18,4,2
1842,SESN1,11,2
1843,GALNT7,10,5
1844,SECISBP2L,16,2
1845,DLL4,7,1
1846,SF1,11,2
1847,FDFT1,7,5
1848,NLK,19,5
1849,BNIP2,11,1
1850,MBD4,5,2
1851,RNF8,15,1
1852,MSH3,7,1
1853,SYNRG,16,2
1854,CHCHD3,16,2
1855,AHCYL1,20,2
1856,PAAF1,20,1
1857,PHF19,8,3
1858,RAB14,16,2
1859,SLC2A3,16,2
1860,UBE2B,6,5
1861,SFRP1,15,2
1862,H2AFY,5,2
1863,EEF1E1,1,2
1864,DKK1,7,4
1865,NABP2,17,2
1866,SENP2,2,1
1867,RPS26,6,1
1868,SEL1L,1,1
1869,DPYSL2,7,2
1870,ASRGL1,11,1
1871,TUT1,3,3
1872,FAU,10,1
1873,TMEM11,21,1
1874,NCOA2,7,5
1875,SGPL1,7,8
1876,POLE2,7,7
1877,CHMP4B,4,1
1878,RNH1,10,1
1879,KDM3A,2,2
1880,MED29,10,3
1881,LPCAT3,20,2
1882,RNF185,11,2
1883,FAM104A,16,5
1884,RPL37,15,2
1885,TAB3,5,1
1886,HBS1L,21,1
1887,PNPLA8,1,1
1888,PURA,7,4
1889,ACP1,14,3
1890,POFUT1,16,1
1891,SUB1,19,3
1892,DECR1,19,1
1893,HERC1,3,2
1894,AGAP1,11,2
1895,LYRM7,11,2
1896,MTMR2,8,1
1897,BLVRA,7,2
1898,ERMP1,19,2
1899,RBBP8,10,1
1900,CHURC1,1,1
1901,PNRC2,17,5
1902,BBC3,7,10
1903,LASP1,18,3
1904,MAX,7,5
1905,NREP,13,1
1906,POLR1B,18,3
1907,PYGO2,5,3
1908,FAM35A,17,2
1909,FEN1,8,3
1910,MIR92A2,10,1141
1911,METTL16,3,2
1912,MYO1D,4,4
1913,IGHMBP2,20,1
1914,MEN1,10,2
1915,XPO5,20,2
1916,DPF2,20,1
1917,FOXRED2,20,2
1918,RBM12,8,3
1919,MDFIC,17,1
1920,POLR3H,2,1
1921,MIR29B2,13,203
1922,FTH1,7,6
1923,SAP30,10,1
1924,ACIN1,17,1
1925,KIAA1429,20,1
1926,ASH1L,6,2
1927,HIPK2,5,13
1928,CYB5B,8,1
1929,GNPNAT1,1,2
1930,MRPL34,5,1
1931,TYRP1,7,5
1932,MED9,11,1
1933,SOX13,20,2
1934,LETM1,10,3
1935,ZNRF1,6,2
1936,RPS2,8,3
1937,EEF1B2,21,1
1938,BMP1,13,1
1939,HMGA2,7,11
1940,PIK3C3,21,1
1941,VPS37A,14,3
1942,DDX39A,10,1
1943,B4GALT1,2,4
1944,NDUFAF7,20,1
1945,STK3,9,1
1946,CHAF1A,1,3
1947,CD82,7,3
1948,MYD88,18,6
1949,FGD4,15,1
1950,NUP205,17,2
1951,HERC3,5,1
1952,ZNF703,1,2
1953,MIR203A,18,214
1954,SYMPK,3,1
1955,TVP23C,15,4
1956,SERPINA3,7,4
1957,PDCD6IP,10,1
1958,POM121C,13,2
1959,ITGB3,7,5
1960,COPG1,20,2
1961,MGAT4B,17,1
1962,CCDC71L,2,2
1963,SETD2,11,1
1964,QKI,6,5
1965,FRS2,19,7
1966,TTC8,1,1
1967,LRRC59,15,4
1968,STK38L,14,1
1969,USP47,11,2
1970,MRPL19,10,1
1971,PICALM,14,3
1972,MMP14,7,5
1973,NDC80,3,1
1974,ZFC3H1,10,2
1975,FAM136A,11,3
1976,UBA1,11,4
1977,RNF103,11,2
1978,BCOR,20,1
1979,CPOX,5,1
1980,STAMBP,15,4
1981,USP34,11,1
1982,NCL,15,6
1983,ARL4C,15,1
1984,HSPE1-MOB4,19,1
1985,HIPK3,11,2
1986,SNAP29,1,1
1987,TRUB2,21,3
1988,MRPL35,4,2
1989,PYROXD1,2,1
1990,NEDD4,20,1
1991,URB2,10,1
1992,POLL,13,1
1993,STMN1,17,8
1994,DDX5,15,3
1995,REEP5,19,1
1996,ATR,7,4
1997,MAGEA3,8,2
1998,YAE1D1,13,5
1999,SMAD2,7,15
2000,UBE2S,21,2
2001,MRPS10,11,1
2002,RREB1,19,7
2003,DHX40,2,4
2004,SERBP1,19,2
2005,MRPS24,20,1
2006,CTSK,7,1
2007,ZNF281,7,2
2008,SRSF11,11,1
2009,NBPF10,2,1
2010,PFDN6,10,1
2011,ILVBL,3,1
2012,MMS22L,19,3
2013,AXL,7,12
2014,EIF3A,1,1
2015,DDX39B,7,3
2016,ATP5B,3,4
2017,FAM46A,9,4
2018,PALB2,17,1
2019,TIMP1,7,3
2020,WDYHV1,3,1
2021,CDC42,14,9
2022,SEC24C,17,1
2023,NDUFA10,20,1
2024,ANTXR1,1,2
2025,TSPAN14,8,2
2026,CALM3,13,2
2027,C16orf58,9,2
2028,CNRIP1,17,1
2029,MSANTD3,3,1
2030,BSCL2,15,1
2031,TMEM54,16,1
2032,PLXNB2,17,2
2033,CSGALNACT2,13,1
2034,RAD18,17,2
2035,TLN1,10,6
2036,PSMD7,15,2
2037,UBL3,5,2
2038,BECN1,16,3
2039,CDCA4,16,3
2040,AUH,9,1
2041,ATN1,21,2
2042,ZNF84,10,1
2043,DNAJA1,14,4
2044,ADD3,1,1
2045,EPDR1,3,1
2046,TNFAIP1,19,1
2047,PDK3,5,1
2048,YLPM1,17,2
2049,DAXX,7,4
2050,TEP1,19,1
2051,MAD1L1,21,1
2052,MTFR2,3,1
2053,OIP5,17,3
2054,RTCB,10,1
2055,RSRC1,4,2
2056,CISD1,10,1
2057,ITPRIPL2,15,2
2058,HEMK1,10,1
2059,SGCB,11,1
2060,ZBTB7A,7,8
2061,SNRNP70,3,2
2062,DUSP4,7,3
2063,ZKSCAN5,1,1
2064,PSMF1,10,1
2065,CUL3,18,2
2066,VPS51,5,2
2067,GNA13,2,2
2068,COQ7,3,2
2069,UTP6,3,2
2070,CDKN1A,7,35
2071,COPS7A,2,1
2072,STAT5B,7,4
2073,RANBP9,19,1
2074,UBE2D3,7,7
2075,SLC25A3,20,6
2076,G2E3,10,3
2077,MYL12B,3,1
2078,SPAG5,21,2
2079,P4HB,10,1
2080,CAPN2,19,1
2081,PRRC2C,5,3
2082,B4GALT7,16,1
2083,ITPR2,14,6
2084,SLCO3A1,21,1
2085,SLC25A32,10,4
2086,PIK3R3,14,4
2087,LCORL,11,2
2088,ZBTB33,7,4
2089,CUL4A,3,1
2090,TMEM59,21,1
2091,RIF1,1,2
2092,ANO6,5,1
2093,PHB,7,1
2094,TTF2,21,1
2095,SMAD5,11,1
2096,FAM91A1,2,3
2097,PQLC3,9,1
2098,HNRNPA1L2,21,1
2099,HSPBP1,10,1
2100,EZH1,1,1
2101,PCMTD2,2,2
2102,GABPB1,3,5
2103,CENPQ,11,2
2104,C11orf74,14,2
2105,WDR81,10,3
2106,SMAD3,7,11
2107,CPNE2,20,2
2108,HAGH,2,1
2109,VGLL4,18,2
2110,ZMAT3,4,3
2111,DSN1,21,2
2112,INPPL1,7,4
2113,MMP16,4,2
2114,CD200,7,1
2115,ZKSCAN1,1,1
2116,KDSR,14,4
2117,ANKFY1,9,4
2118,PDZD8,10,3
2119,ZC3H18,4,4
2120,PSMA7,15,3
2121,CES2,10,1
2122,FEM1B,13,3
2123,BACH1,4,3
2124,HOMER2,6,1
2125,PDLIM5,14,2
2126,RPL21,17,1
2127,MEF2C,11,3
2128,MED23,6,1
2129,ERGIC1,21,3
2130,PTMS,8,3
2131,FUS,6,3
2132,C7orf60,2,2
2133,GAS2L3,13,2
2134,HMOX1,7,20
2135,FRMD6,19,1
2136,AK4,20,1
2137,NDNL2,10,1
2138,HSPD1,6,1
2139,PHF12,14,5
2140,PRRC1,11,3
2141,RPL23A,3,1
2142,AKAP13,21,2
2143,MYADM,21,2
2144,YTHDF1,21,1
2145,PSMD10,7,3
2146,ZNF276,21,2
2147,SPECC1,1,1
2148,RDH11,11,4
2149,MAP3K1,14,8
2150,TUBGCP6,3,1
2151,MSL3,16,2
2152,PPP2R1B,15,2
2153,CCNY,3,2
2154,TMEM173,10,1
2155,9-Mar,10,2
2156,POLR2C,1,3
2157,FARSA,17,3
2158,HM13,3,2
2159,USF2,7,6
2160,HLA-E,10,2
2161,COG5,17,2
2162,STRN,2,3
2163,POLE3,1,1
2164,C1orf112,3,1
2165,PPP1R12C,20,2
2166,TROVE2,14,3
2167,MAPK8,6,6
2168,SLC5A3,11,1
2169,SPRTN,13,4
2170,TSPYL1,2,2
2171,STX12,15,2
2172,TAOK3,3,1
2173,MAK16,17,1
2174,ADAR,7,5
2175,PPT1,13,1
2176,CBX6,13,5
2177,NAGA,3,1
2178,RASSF1,7,3
2179,SRXN1,19,1
2180,ASB6,9,4
2181,NOC3L,11,1
2182,SLC35C1,2,2
2183,IPO7,18,6
2184,SLC3A2,7,5
2185,DERL1,11,1
2186,GRB10,17,1
2187,ATP2A2,10,7
2188,FAM96B,1,1
2189,HNRNPDL,18,3
2190,ALDH1A3,5,3
2191,MED15,8,1
2192,DIRAS1,10,1
2193,DIAPH1,20,3
2194,PSMD9,16,2
2195,CHORDC1,17,3
2196,RPUSD4,2,1
2197,YWHAE,18,7
2198,ARHGAP17,20,2
2199,ATG4D,19,1
2200,ERC1,6,3
2201,PDHX,3,2
2202,MORC4,3,1
2203,FRAT2,10,1
2204,TOB1,10,3
2205,CDC6,7,8
2206,TP53BP2,11,3
2207,BAK1,7,15
2208,TAB2,16,5
2209,RPL36,20,3
2210,TWISTNB,9,2
2211,VTI1A,4,2
2212,PPAP2A,9,3
2213,C6orf106,3,1
2214,SLC4A7,2,3
2215,NAT9,21,1
2216,ADCY5,14,5
2217,TNFRSF21,3,1
2218,TMEM192,6,4
2219,LIMK1,14,4
2220,SMC6,17,1
2221,TNFSF12,20,1
2222,ACADVL,4,1
2223,ZFP62,10,4
2224,ABCC4,1,3
2225,RBMS1,7,1
2226,RNF115,16,4
2227,ABHD2,10,1
2228,MSRB3,3,1
2229,MTHFSD,10,1
2230,VPS39,20,1
2231,BZW2,20,1
2232,ACOT7,1,1
2233,GTF3C1,8,3
2234,PDXDC1,3,2
2235,OTUD7B,10,3
2236,IPPK,9,1
2237,FAM58A,5,2
2238,CASP8,7,8
2239,MMP1,7,25
2240,PSMC5,3,1
2241,TRAF4,13,3
2242,PNPLA6,6,4
2243,HELZ,18,1
2244,GLOD4,10,1
2245,PPP1CC,14,6
2246,SBF1,2,2
2247,SLC35F2,1,1
2248,C17orf80,1,1
2249,DDX56,8,2
2250,POLE4,1,1
2251,HTRA2,7,2
2252,ZFAND1,5,2
2253,GNB1,19,2
2254,PPDPF,3,1
2255,PPP6R3,8,1
2256,NUTF2,18,2
2257,NDUFB2,14,1
2258,FAM57A,20,1
2259,DNAJC9,3,1
2260,PTMA,15,2
2261,PLEKHG2,16,2
2262,NARF,10,2
2263,KPNB1,2,4
2264,HGS,20,1
2265,NKAP,3,1
2266,RPS17,16,3
2267,ATP6V1C1,1,1
2268,DCTPP1,8,3
2269,DROSHA,16,2
2270,PDCL3,20,1
2271,DCPS,3,1
2272,PTPN11,5,2
2273,CRIPT,16,2
2274,CHL1,5,2
2275,FBXL3,18,3
2276,CCDC82,1,1
2277,BPTF,17,2
2278,SIRT7,8,1
2279,EPAS1,7,8
2280,YKT6,2,2
2281,FBXO3,11,1
2282,MPDU1,6,2
2283,EBP,10,2
2284,SIN3B,5,2
2285,DNAJC1,20,1
2286,ERH,10,1
2287,GSPT1,14,2
2288,SAE1,18,2
2289,SNRPA,20,1
2290,FANCC,7,1
2291,TPR,2,1
2292,THUMPD1,10,1
2293,MTFP1,20,2
2294,RHEB,10,5
2295,MBD2,17,3
2296,PPIL4,20,1
2297,USP8,1,1
2298,MPST,3,1
2299,SLC30A1,1,3
2300,SCAMP1,1,2
2301,CSNK1E,21,1
2302,LAMP2,11,2
2303,RPL18,20,4
2304,ANKLE2,10,1
2305,LMNA,9,1
2306,ALG9,15,2
2307,TRIM13,21,2
2308,IRS1,16,2
2309,IMP3,8,1
2310,NDFIP2,4,1
2311,RAB34,9,3
2312,OPHN1,2,2
2313,JUND,7,47
2314,EIF4EBP2,10,5
2315,MIA3,2,3
2316,PPIB,10,1
2317,CDV3,14,5
2318,PDGFRA,13,5
2319,APP,7,11
2320,AARSD1,20,1
2321,UBIAD1,17,1
2322,CALD1,8,3
2323,MRPS25,21,1
2324,FUT11,10,4
2325,ZNF394,16,3
2326,SUN1,3,1
2327,GORASP2,8,1
2328,UNKL,16,1
2329,POLR2J3,15,2
2330,IARS2,20,2
2331,MSANTD4,2,1
2332,CASC5,11,1
2333,CDK5RAP2,21,1
2334,PLK1,7,5
2335,NFATC2,7,15
2336,PSENEN,7,1
2337,SNRPD3,3,2
2338,CRTAP,21,1
2339,HLA-B,16,4
2340,MAP3K3,5,7
2341,VHL,13,8
2342,MAPK7,19,1
2343,PDCD11,20,1
2344,SNTB2,8,3
2345,SNX17,20,1
2346,BOLA3,18,1
2347,MET,7,14
2348,MYC,7,76
2349,MESDC1,9,2
2350,TRIP6,21,1
2351,KATNB1,10,2
2352,RPS6KA1,3,1
2353,ACSS1,8,2
2354,C18orf32,6,3
2355,GOLGA8A,10,2
2356,ZFX,19,1
2357,ING4,6,1
2358,HDLBP,8,2
2359,VWA8,20,1
2360,RPS25,10,1
2361,NUP214,21,3
2362,SCAMP2,5,1
2363,MAP3K11,16,1
2364,CHML,15,1
2365,TYSND1,1,1
2366,SRSF5,10,1
2367,AAED1,10,3
2368,ADA,7,3
2369,RPS14,10,2
2370,FOXP4,19,1
2371,DPH1,3,1
2372,CHAMP1,19,1
2373,CTCF,7,11
2374,RNF44,10,7
2375,MRPL18,1,1
2376,ZADH2,10,5
2377,PRKCD,5,1
2378,WDR6,17,2
2379,ZNF623,8,1
2380,TRIM65,21,1
2381,SPARC,7,5
2382,DEFB103A,7,1
2383,LYPLA1,17,2
2384,CCT2,1,2
2385,AKIRIN1,2,1
2386,PHGDH,7,4
2387,CD109,1,1
2388,MAP3K7,8,1
2389,H3F3A,8,1
2390,FBXO21,17,1
2391,VWA9,20,1
2392,ZC3H4,8,1
2393,HSPA13,8,3
2394,SHCBP1,19,4
2395,ADCY6,5,1
2396,PWP2,8,2
2397,MIER1,15,2
2398,FBXO28,9,3
2399,KIAA0907,16,1
2400,PRC1,10,1
2401,EIF3I,3,4
2402,HNRNPUL1,8,3
2403,UBE2M,7,4
2404,GANAB,13,6
2405,SORT1,8,3
2406,DCAF4,4,2
2407,STK4,6,4
2408,CTNND1,1,2
2409,SCARB1,10,2
2410,BTF3,10,1
2411,GINS4,18,2
2412,SEC31A,13,3
2413,SLC25A14,5,1
2414,MLLT10,19,2
2415,NARS2,20,1
2416,AGTRAP,2,5
2417,TMEM43,9,2
2418,RMI1,19,2
2419,IGF2R,7,4
2420,MXRA7,18,3
2421,PAK1,17,2
2422,RPS15A,20,3
2423,HIGD2A,5,1
2424,LAMTOR5,17,1
2425,NPTN,6,5
2426,ZDHHC16,8,1
2427,ATP6V1G1,20,1
2428,ZRANB1,11,1
2429,KLC1,8,1
2430,TPT1,7,5
2431,EIF4G3,17,2
2432,ZNF260,19,2
2433,HMGA1,7,16
2434,RDH10,4,3
2435,THAP7,3,1
2436,ATXN2L,8,3
2437,ITPR3,10,1
2438,IL17RC,20,1
2439,SNAPIN,16,1
2440,FAM210A,18,2
2441,TMEM189,6,4
2442,TYRO3,21,1
2443,NRG1,7,2
2444,DGUOK,8,1
2445,FITM2,1,1
2446,DCAF12,10,1
2447,MPZL1,1,1
2448,TBK1,19,2
2449,C9orf156,20,1
2450,PSEN2,7,1
2451,TMUB1,10,3
2452,SACM1L,11,4
2453,HDHD3,2,1
2454,ZFYVE26,4,3
2455,WWC2,11,1
2456,INPP5F,1,1
2457,HOXA10,17,8
2458,KRT8,21,1
2459,TRABD,20,1
2460,FAM177A1,1,1
2461,MCM5,8,2
2462,PACS1,9,1
2463,FAM73A,5,2
2464,UBA6,4,1
2465,ADAM17,7,5
2466,SNX4,17,3
2467,SARS2,3,3
2468,PHF20L1,11,1
2469,STEAP3,20,2
2470,NFKB2,7,6
2471,TMEM30A,5,3
2472,GMPPB,3,1
2473,ZEB2,19,9
2474,NCDN,10,1
2475,HLA-DRA,7,10
2476,CECR5,3,2
2477,USP14,20,1
2478,EIF4A2,11,2
2479,TRIM14,9,2
2480,RNF141,18,1
2481,NCOR1,20,1
2482,ASCC3,20,1
2483,EIF2S1,11,3
2484,CDKN1B,7,17
2485,KIAA1841,3,2
2486,FKBPL,10,1
2487,CD46,19,3
2488,KPNA3,10,1
2489,UXT,21,2
2490,BACE2,21,3
2491,FHOD1,21,2
2492,SNX24,13,2
2493,CALM2,15,1
2494,LPP,17,1
2495,CDADC1,16,1
2496,HEATR6,3,2
2497,FBXL19,3,2
2498,RDH13,1,1
2499,NSF,14,3
2500,MADD,5,1
2501,RCN3,10,1
2502,RNF157,4,2
2503,OGT,10,1
2504,KIF4A,8,2
2505,TUBB4B,10,2
2506,ARMCX3,11,1
2507,AP5B1,16,1
2508,C11orf57,16,4
2509,CCDC57,10,1
2510,TMEM123,14,2
2511,MRPL2,10,1
2512,BCKDHA,3,1
2513,NF1,7,8
2514,L2HGDH,1,2
2515,ATP2B1,5,1
2516,DENND6A,3,2
2517,PLA2G4A,7,2
2518,RAB1B,16,1
2519,PGAM1,3,1
2520,ATF1,7,17
2521,STAT5A,7,5
2522,MTR,2,2
2523,VKORC1L1,17,1
2524,GDF11,3,2
2525,HSDL1,1,1
2526,UBR7,17,2
2527,FKBP15,18,1
2528,NCOA7,5,2
2529,ID1,7,7
2530,MARK2,21,2
2531,SSR3,15,2
2532,NUP93,13,2
2533,XPA,7,1
2534,MANEAL,3,1
2535,PES1,7,2
2536,BRCA1,7,22
2537,WDR62,21,2
2538,ARF1,10,4
2539,PRR4,5,1
2540,COMMD9,20,1
2541,BTBD7,10,4
2542,BRAF,14,11
2543,TANGO6,3,2
2544,DSTYK,2,4
2545,SPG11,11,1
2546,HDAC6,5,1
2547,MRPS34,1,1
2548,STX3,10,1
2549,HERC4,1,2
2550,SDC1,21,2
2551,SEC11A,20,1
2552,SH3GLB1,13,8
2553,HOXC10,17,2
2554,MRPL45,15,2
2555,TECR,3,1
2556,USP10,7,7
2557,E2F3,7,3
2558,KMT2A,2,2
2559,NOM1,20,1
2560,MOB4,19,1
2561,MOV10,8,3
2562,RRP36,3,2
2563,HS2ST1,14,2
2564,CALM1,11,1
2565,YWHAH,14,4
2566,C5orf15,20,1
2567,HIPK1,20,2
2568,DNAJA3,21,3
2569,FAM222B,5,2
2570,NSUN5,8,3
2571,RPS8,5,2
2572,FAM49B,6,2
2573,PPP4R1,19,2
2574,ORC5,10,1
2575,ATF3,7,15
2576,SOX6,1,4
2577,IGF2BP2,20,1
2578,AP1S3,19,1
2579,NHSL1,17,3
2580,REL,7,15
2581,DPAGT1,6,2
2582,HMGCS1,1,4
2583,KPNA4,16,1
2584,ANKRD49,17,1
2585,PHAX,6,3
2586,UBE2D1,19,1
2587,SMAP2,10,2
2588,SSRP1,3,2
2589,EEF1D,21,1
2590,LMBR1,11,1
2591,AURKB,16,7
2592,DAB2IP,15,3
2593,SLC25A24,20,1
2594,GSR,6,2
2595,C1orf174,5,2
2596,MTA1,10,2
2597,MAP1B,10,6
2598,MCM8,1,2
2599,SFRP2,13,1
2600,ZDHHC24,14,2
2601,SIPA1L2,20,1
2602,RFWD2,7,1
2603,RAB2B,5,3
2604,FARSB,3,1
2605,DYNLT3,2,2
2606,CHCHD7,5,1
2607,GATAD2B,10,8
2608,CYLD,7,4
2609,OBFC1,17,2
2610,DNPH1,10,1
2611,SPCS3,10,4
2612,POLA2,16,2
2613,CPEB4,18,11
2614,KIF13A,18,2
2615,RABGGTB,3,2
2616,CDK5RAP3,1,1
2617,FH,8,1
2618,TRAFD1,3,1
2619,AP2B1,8,2
2620,RPL22,13,4
2621,GPATCH8,19,2
2622,NSA2,1,2
2623,DBNL,17,3
2624,RAD51B,21,1
2625,RASA3,10,1
2626,CELSR2,10,1
2627,CCNE2,19,3
2628,ERGIC2,10,5
2629,SDHAF2,15,1
2630,BDH2,11,1
2631,RP2,5,4
2632,PPARG,7,8
2633,IKBIP,1,2
2634,TAF9,20,1
2635,BORA,3,1
2636,APEX1,7,7
2637,PLCG1,14,11
2638,DHFRP1,3,1
2639,SERINC1,18,3
2640,ASNA1,20,1
2641,USP22,20,2
2642,MATR3,15,5
2643,FYN,7,2
2644,PPWD1,19,1
2645,PPP2R5C,4,2
2646,CHUK,7,1
2647,UBR1,10,3
2648,CAND1,13,4
2649,PLSCR1,2,1
2650,BCLAF1,8,1
2651,ATP1A1,2,5
2652,DOCK1,1,1
2653,PHF3,15,2
2654,PPP2R1A,17,2
2655,TMEM161B,16,1
2656,HDAC3,7,1
2657,CALU,18,6
2658,HIST2H2AA4,19,2
2659,ZDHHC9,14,1
2660,NFYA,7,62
2661,CPSF2,6,2
2662,TUBGCP5,11,1
2663,CARS2,2,2
2664,DNAJB2,15,1
2665,TRPM7,9,2
2666,PEX26,21,2
2667,PABPN1,6,2
2668,GPX8,19,1
2669,CCDC43,16,1
2670,CBX5,20,3
2671,SLC7A1,5,5
2672,GALNT2,6,2
2673,SARM1,19,1
2674,ARID4B,10,1
2675,WDFY2,2,1
2676,C19orf12,17,3
2677,PTPN12,19,1
2678,IPO4,3,3
2679,GEMIN5,8,3
2680,CARD8,17,1
2681,PDPR,1,2
2682,UBXN1,1,1
2683,QPCTL,21,2
2684,IKBKG,15,1
2685,FAM96A,5,2
2686,TMA16,10,3
2687,LRP1,7,7
2688,RGS12,21,1
2689,TAF8,10,3
2690,TFAP2A,7,66
2691,CYP4V2,11,2
2692,WDR61,17,1
2693,INCENP,5,4
2694,EEA1,19,1
2695,CDKN2D,7,3
2696,SUMF2,9,2
2697,CASP2,19,2
2698,CSGALNACT1,16,1
2699,ZCCHC11,18,2
2700,LIN7C,6,6
2701,MORC3,2,5
2702,2-Sep,5,2
2703,TAB1,2,1
2704,THOC7,1,1
2705,HLA-DPB1,7,3
2706,SMN1,11,2
2707,CTNNBL1,10,4
2708,PIK3R1,13,5
2709,RQCD1,1,1
2710,MIR3916,20,78
2711,MRPL12,21,3
2712,YME1L1,11,2
2713,LZIC,5,3
2714,TST,20,1
2715,CCT3,8,2
2716,LPGAT1,5,5
2717,MEX3C,1,1
2718,LZTS1,6,1
2719,RNF146,9,3
2720,TIPARP,17,2
2721,FAM208A,18,3
2722,ATP5G3,19,2
2723,SIPA1,21,1
2724,MGME1,20,1
2725,DEDD,20,1
2726,FAM21C,21,1
2727,ITGA6,13,6
2728,GHITM,4,3
2729,REXO2,4,1
2730,UBE2A,19,2
2731,HBP1,13,5
2732,RNFT1,20,1
2733,PRKAB2,19,2
2734,KPNA2,17,6
2735,DPYSL3,1,1
2736,TCF12,7,2
2737,MCRS1,3,1
2738,ESPL1,21,4
2739,RTKN,3,1
2740,MSRB1,21,2
2741,KIAA0226,6,1
2742,FAS,7,16
2743,MFN2,8,5
2744,RILPL1,10,1
2745,MTMR10,21,1
2746,POMGNT1,17,2
2747,TAF5L,1,1
2748,KLHL42,5,6
2749,VAMP3,18,5
2750,DDX55,11,1
2751,CTDSPL2,4,2
2752,RPP30,21,1
2753,SCNM1,21,1
2754,MDM2,7,19
2755,SERPINH1,13,9
2756,TUBB2A,13,7
2757,PPM1D,18,4
2758,LCLAT1,18,5
2759,CTNNBIP1,13,2
2760,NME1,7,1
2761,JUN,7,80
2762,MEGF8,3,1
2763,COMMD3-BMI1,15,1
2764,TAP1,7,7
2765,CHMP1B,21,1
2766,MAPKBP1,13,2
2767,ORMDL3,1,2
2768,CCND1,7,44
2769,MKRN2,19,3
2770,LSM4,19,1
2771,ANKRD40,21,1
2772,FGFR1,6,3
2773,GPATCH3,21,1
2774,NDUFB10,10,1
2775,ATP2C1,7,2
2776,MORF4L2,13,2
2777,CAB39,19,2
2778,SND1,7,3
2779,EIF2B5,1,1
2780,HDAC8,7,4
2781,RNF215,17,1
2782,GNS,5,2
2783,SDHA,17,1
2784,PHIP,11,1
2785,CEP85,10,2
2786,TRIM63,13,1
2787,MON1B,6,1
2788,NOP16,7,1
2789,CARS,1,2
2790,RPS19,3,1
2791,PTBP3,17,6
2792,MVP,7,2
2793,DRG1,8,1
2794,MLLT1,14,3
2795,SMARCA2,16,1
2796,RABL6,17,1
2797,OPA1,8,1
2798,BCL9,19,3
2799,ITGB5,1,2
2800,NDFIP1,17,1
2801,TBC1D9B,3,2
2802,SLC25A40,1,1
2803,CEP170B,21,2
2804,COL16A1,5,1
2805,ILF3,21,1
2806,AP3S2,4,1
2807,POLR3B,11,2
2808,ERBB3,16,2
2809,ZNF428,19,1
2810,EYA4,18,2
2811,NUP153,20,1
2812,TVP23B,10,1
2813,EDEM1,10,2
2814,COTL1,3,1
2815,MSMO1,20,1
2816,TGFA,7,7
2817,PRKAR1A,2,3
2818,CD276,13,2
2819,MRPS26,8,1
2820,NUCKS1,10,7
2821,MIEN1,17,2
2822,PPIA,4,1
2823,CERS2,17,6
2824,LDB1,6,1
2825,NR2C2AP,17,1
2826,TSKU,3,1
2827,EIF3C,21,4
2828,RAD51,6,6
2829,CAV1,7,8
2830,DHX30,21,3
2831,ATF6,16,3
2832,NES,1,1
2833,PSMD5,10,1
2834,ANKH,10,1
2835,CUEDC1,9,1
2836,EZR,10,7
2837,KIF3B,5,2
2838,DCAF16,13,2
2839,CEP170,8,1
2840,MAP2K7,20,6
2841,ICK,14,3
2842,FAM208B,13,2
2843,PIAS3,11,1
2844,AGPAT3,21,1
2845,C5orf51,17,9
2846,UNG,16,2
2847,TLE3,8,3
2848,FBRS,13,2
2849,UBE2D4,5,3
2850,SECISBP2,1,1
2851,MIR148A,16,179
2852,VPS26A,11,1
2853,NFKBIZ,3,1
2854,ATPAF1,1,1
2855,ERBB2,7,14
2856,DDX19B,15,3
2857,CD68,1,3
2858,PPP6C,17,3
2859,KIAA0141,20,1
2860,PIGB,9,2
2861,MOB1A,6,3
2862,GTF3C2,10,1
2863,TK1,7,4
2864,PNISR,5,2
2865,NARS,18,3
2866,NADK,10,1
2867,MID1,15,3
2868,CNOT6,9,3
2869,THOC1,7,1
2870,COG3,10,1
2871,ACOX1,1,2
2872,SNAPC3,6,2
2873,HNRNPL,3,3
2874,DPH2,21,1
2875,AP1G1,19,2
2876,VAMP2,15,3
2877,DEPTOR,19,1
2878,AKT2,13,7
2879,C16orf59,3,1
2880,PPARD,7,5
2881,FKBP5,19,3
2882,DUSP6,5,2
2883,HIST1H4J,8,1
2884,NFS1,17,1
2885,NDUFV3,13,3
2886,PPFIA3,21,1
2887,CERS1,10,2
2888,KBTBD6,2,3
2889,DAPK1,7,3
2890,MIOS,20,1
2891,TMEM184B,10,1
2892,CASC3,5,3
2893,IMPA1,8,1
2894,SHISA5,10,1
2895,RBBP6,21,2
2896,TXNL1,14,2
2897,HBEGF,2,2
2898,MAP2K3,6,2
2899,EPS8,5,1
2900,CIT,18,3
2901,TMEM9B,16,1
2902,ELP3,3,1
2903,TALDO1,10,2
2904,USP25,19,1
2905,ZMYND11,17,1
2906,MAPK3,7,21
2907,COMMD2,13,2
2908,TEAD4,7,4
2909,RCAN3,3,1
2910,RAB8B,9,3
2911,HSP90B1,10,6
2912,SELT,2,3
2913,IQGAP1,17,2
2914,NDEL1,2,1
2915,CLPP,3,1
2916,GOSR1,3,1
2917,SYNM,18,3
2918,CIC,10,3
2919,SNRNP48,11,2
2920,PPP3CA,14,8
2921,GINS3,3,1
2922,FSTL1,15,4
2923,ZNF512B,3,1
2924,ELOVL5,2,2
2925,SKIL,19,4
2926,ISY1,3,1
2927,TXLNA,10,4
2928,BLOC1S6,16,3
2929,ALDH3A2,1,2
2930,PHTF2,2,2
2931,BCAP31,13,1
2932,ZMIZ1,13,1
2933,PRDX4,17,1
2934,PAPD4,16,1
2935,TMED9,6,2
2936,HNRNPU,2,3
2937,RAPGEF2,13,3
2938,KLC2,10,1
2939,TMEM115,20,1
2940,DDX3X,10,6
2941,ARPC5L,10,1
2942,SYNCRIP,13,1
2943,CREG1,4,2
2944,GSKIP,5,1
2945,PAK2,19,3
2946,SESTD1,16,3
2947,FKBP4,21,2
2948,SNN,10,1
2949,ERI1,1,2
2950,SREK1IP1,10,4
2951,CDC37,1,3
2952,IARS,17,1
2953,KNTC1,21,2
2954,SNRPE,10,3
2955,TKT,15,3
2956,B3GAT3,7,2
2957,KANSL1,16,3
2958,PBX2,17,2
2959,NUPL2,2,4
2960,BAZ1A,20,1
2961,RPL7,14,1
2962,STMN3,10,1
2963,FAM101B,3,1
2964,CDK8,3,1
2965,GNAT2,14,3
2966,MTRF1L,16,2
2967,PSMC3IP,3,1
2968,DNAL1,6,3
2969,TRIP12,21,4
2970,LYRM2,3,1
2971,YY1AP1,17,1
2972,RUNX3,7,4
2973,CACUL1,10,1
2974,MIPEP,20,1
2975,DUS2,10,1
2976,ETV4,7,10
2977,SNX3,8,1
2978,WIZ,21,1
2979,C9orf114,13,1
2980,APOBEC3C,10,1
2981,PEX6,21,2
2982,GINS2,3,1
2983,TNKS1BP1,5,2
2984,AFF1,4,2
2985,RAD9A,7,1
2986,UFL1,18,2
2987,GMPS,1,2
2988,TAPBP,15,1
2989,SLC39A14,10,6
2990,SNAI2,7,11
2991,CERS4,9,1
2992,BCL7A,20,7
2993,PPP1R10,15,3
2994,MBTPS1,3,1
2995,HUWE1,5,6
2996,USP13,10,1
2997,CREBBP,15,1
2998,BIRC6,8,2
2999,WASF1,20,1
3000,PDXK,3,2
3001,QTRTD1,3,1
3002,DNAJB11,13,1
3003,FPGS,7,5
3004,CENPT,17,1
3005,VGF,7,2
3006,TNFRSF10B,7,10
3007,RPS7,4,4
3008,FBXO45,2,3
3009,EXO1,7,4
3010,C5orf24,10,3
3011,PAPOLA,1,3
3012,PMEL,7,1
3013,SEC63,18,2
3014,CEP350,2,1
3015,ZNF652,17,6
3016,ACADS,10,1
3017,OXA1L,20,1
3018,SEC23B,20,1
3019,SNX12,8,3
3020,LMBR1L,2,2
3021,CLSTN1,21,2
3022,PYGL,1,2
3023,WDR70,9,1
3024,ZCCHC9,20,1
3025,OXCT1,1,2
3026,KIF1C,6,6
3027,IRF2BPL,10,2
3028,BTG2,13,13
3029,DPM2,4,2
3030,SPRYD4,10,3
3031,KCTD15,13,5
3032,TBC1D7,5,1
3033,CDKN2C,7,5
3034,ATE1,20,1
3035,TAOK2,10,1
3036,ABL2,10,1
3037,ZNF384,16,4
3038,MCTS1,7,2
3039,NEK6,10,1
3040,GOLT1B,15,2
3041,GYS1,20,1
3042,CTTN,15,3
3043,SP1,7,298
3044,NOL7,7,3
3045,WARS,7,4
3046,GPR89A,10,1
3047,MRPL4,3,1
3048,OAZ1,13,2
3049,TPM1,11,3
3050,TMEM41A,10,3
3051,FANCL,2,1
3052,IP6K1,20,4
3053,SSR1,21,2
3054,LONRF1,5,1
3055,WFS1,11,1
3056,RBM4B,6,2
3057,SBNO2,10,1
3058,BCL2L1,7,4
3059,WDR18,10,1
3060,CDC7,19,3
3061,FLNA,17,8
3062,EMC3,6,2
3063,ABLIM3,6,1
3064,MON2,11,1
3065,SYAP1,16,3
3066,NBR1,10,1
3067,ESR1,7,27
3068,ATP6V1E1,17,1
3069,COIL,17,2
3070,RPS6,5,1
3071,EXTL3,16,1
3072,PPP1R37,10,3
3073,CCDC47,17,1
3074,CDC42BPB,1,1
3075,PCNA,7,5
3076,POP1,8,2
3077,C9orf64,4,2
3078,TICRR,3,1
3079,ATP5G1,21,2
3080,MCM7,8,6
3081,PHB2,3,2
3082,ANKRD50,14,1
3083,ACLY,7,4
3084,SOS1,7,6
3085,SLC39A6,19,2
3086,CRAMP1L,5,3
3087,FN1,7,10
3088,FAM3C,4,5
3089,MFSD1,10,1
3090,TOLLIP,14,2
3091,SMCO4,3,1
3092,UBE2D2,20,2
3093,NEK7,19,1
3094,COPZ1,8,1
3095,BTG1,18,2
3096,LRIF1,1,1
3097,IRS2,7,8
3098,BLM,3,1
3099,VARS,10,1
3100,MKI67,13,5
3101,HNF4A,7,16
3102,RARS,1,2
3103,DNM1L,10,1
3104,DMXL2,14,1
3105,NUDT19,9,3
3106,SLC30A6,16,1
3107,PYCARD,3,3
3108,EHBP1,10,1
3109,TAF15,5,1
3110,SUPT5H,8,4
3111,SMO,15,1
3112,SREBF2,7,9
3113,MTMR1,10,1
3114,APOE,7,10
3115,NDUFS6,3,1
3116,SKA3,3,2
3117,TAF1C,2,1
3118,RPS6KA5,4,3
3119,SEC61A1,4,2
3120,PIGX,11,1
3121,MRPS14,5,1
3122,SEPN1,21,2
3123,GAA,7,3
3124,B4GALT2,17,2
3125,ZBTB38,11,2
3126,PTP4A2,20,2
3127,ADM,7,8
3128,AHI1,4,1
3129,MAPRE1,10,1
3130,MCM6,8,2
3131,EIF3M,3,1
3132,MOB3A,21,1
3133,LAMA4,6,1
3134,MYCBP2,16,2
3135,APOPT1,8,1
3136,FKBP1A,10,5
3137,DYNC1LI2,11,2
3138,DCAF13,21,1
3139,TP53I3,7,1
3140,GTPBP10,13,1
3141,C2CD5,4,2
3142,TCF3,7,3
3143,CTR9,19,2
3144,MYO9A,11,2
3145,PTPRF,17,2
3146,ADRM1,20,2
3147,CDC42SE1,13,6
3148,SERINC3,14,1
3149,RING1,1,1
3150,IKBKB,7,4
3151,FAM60A,18,3
3152,DIABLO,7,7
3153,ASNS,7,3
3154,ATG5,2,2
3155,PSMG4,20,1
3156,ZC3H11A,19,3
3157,TAF7,7,2
3158,STXBP5,11,1
3159,QRICH1,1,1
3160,TLDC1,5,1
3161,ARHGEF10,9,1
3162,SEMA5A,11,1
3163,ADCK2,20,1
3164,PTPRJ,4,4
3165,TTC33,15,3
3166,SPTAN1,8,1
3167,PHF21A,17,1
3168,RAB35,2,2
3169,ATXN1L,8,5
3170,TNIP1,7,6
3171,C12orf49,3,2
3172,YTHDC2,7,2
3173,PAG1,11,1
3174,AARS,3,1
3175,GEMIN6,10,1
3176,TOMM40,8,2
3177,KTN1,8,1
3178,GINM1,6,1
3179,PFKL,21,1
3180,IVNS1ABP,11,1
3181,GSTP1,7,8
3182,SOCS4,11,2
3183,PSKH1,21,1
3184,ZNF395,3,2
3185,FUNDC2,3,1
3186,CPT2,8,1
3187,ZNF148,7,11
3188,HHAT,3,1
3189,TUBGCP2,20,2
3190,MTRR,20,1
3191,ITM2B,10,1
3192,SLFN11,17,1
3193,CAD,7,5
3194,UBLCP1,21,2
3195,NDE1,10,1
3196,WASL,20,5
3197,BAZ1B,11,3
3198,ANKRD12,1,1
3199,UBA2,8,3
3200,FTO,20,1
3201,DCP1A,11,1
3202,IL1RAP,19,1
3203,STAM2,8,1
3204,PKM,17,4
3205,PRKCI,1,1
3206,CMSS1,1,1
3207,ZNF770,6,3
3208,TPRG1L,2,2
3209,PTPRG,3,1
3210,THRAP3,18,1
3211,ZDHHC6,4,4
3212,CDC123,19,1
3213,VAV2,6,4
3214,ARRB2,5,2
3215,TMEM8A,4,1
3216,FOS,7,50
3217,NSFL1C,10,1
3218,ARL6IP1,17,5
3219,FNDC3A,15,3
3220,CDCA7,3,2
3221,NPHP3,17,1
3222,METTL14,21,2
3223,LATS2,4,2
3224,GEMIN7,20,1
3225,HPRT1,8,2
3226,SCAMP3,21,2
3227,RPS24,20,6
3228,MTOR,16,2
3229,RNF2,19,5
3230,GNB2L1,13,1
3231,PANK2,7,5
3232,FTSJ3,21,2
3233,CTDP1,3,1
3234,DNAJC10,11,3
3235,GABARAPL1,1,1
3236,PARP9,11,1
3237,NOSIP,3,1
3238,PHF20,11,2
3239,CNOT4,10,4
3240,HN1L,9,2
3241,FAM216A,21,1
3242,TMEM164,3,1
3243,RPS15,20,3
3244,DNLZ,21,2
3245,SLMAP,11,1
3246,ZSCAN29,2,1
3247,PTP4A1,13,5
3248,ROCK1,7,5
3249,JTB,17,1
3250,SOCS5,9,5
3251,ATP11B,11,2
3252,EGR1,7,48
3253,PIGG,20,1
3254,CDK16,10,1
3255,VBP1,1,2
3256,ITM2C,4,1
3257,CBX2,13,5
3258,TAX1BP3,10,2
3259,EPB41,2,2
3260,PSPC1,13,2
3261,MRPS30,19,1
3262,HSF2,7,1
3263,FANCA,3,1
3264,ZNF544,16,2
3265,MAP3K10,5,2
3266,SLC31A1,11,2
3267,XPR1,14,3
3268,ARL6IP5,4,2
3269,MRPL10,19,1
3270,FOXN3,18,4
3271,IFI16,7,1
3272,GPBP1L1,10,4
3273,VPS35,10,1
3274,FXYD5,3,1
3275,RPL9,10,4
3276,CDK9,16,3
3277,FAM129A,10,2
3278,COPA,19,2
3279,SNX30,11,1
3280,PURB,5,7
3281,NAA20,20,1
3282,JUNB,7,14
3283,KIAA1586,10,5
3284,SMARCA1,7,4
3285,LIMD2,19,2
3286,CDKN1C,17,4
3287,GOLIM4,16,7
3288,SPPL3,11,2
3289,MAGEF1,16,1
3290,RPL41,16,1
3291,ALKBH4,3,2
3292,VPS52,14,1
3293,ACACA,17,4
3294,SSH2,17,2
3295,TRAIP,8,1
3296,PNRC1,7,5
3297,ZNF609,2,1
3298,PRKD3,9,1
3299,PDIA4,10,1
3300,MSN,19,3
3301,ZNF704,18,2
3302,TRAF1,6,2
3303,USP36,19,1
3304,KIF3A,1,1
3305,TM4SF1,15,3
3306,ADI1,3,1
3307,KAT6A,11,2
3308,SCAF4,20,2
3309,NCS1,15,1
3310,EPHA2,8,3
3311,BIRC7,7,1
3312,CEP104,21,1
3313,ETNK1,14,4
3314,PMF1,20,1
3315,PGAM5,21,1
3316,ZNF562,5,2
3317,HDGF,13,7
3318,MCM4,4,4
3319,CCDC6,5,3
3320,KIF11,2,3
3321,CLIP1,14,2
3322,DHX33,18,3
3323,PGK1,7,1
3324,FLAD1,20,1
3325,MCC,9,1
3326,STRN3,1,1
3327,SPHK2,21,1
3328,TRAK2,9,2
3329,SART1,17,1
3330,CHTF18,3,1
3331,SH2B3,10,2
3332,NOL9,4,2
3333,DPP8,3,2
3334,PIP5K1A,18,3
3335,DDX23,10,3
3336,FAIM,9,1
3337,CHMP2A,20,1
3338,CLTC,1,2
3339,HGF,12,10
3340,DCT,7,4
3341,SIRT2,11,1
3342,AEBP2,19,1
3343,CD81,19,3
3344,SMARCA4,11,5
3345,SLC25A19,1,3
3346,SSSCA1,1,1
3347,MIEF1,20,1
3348,ATP5F1,4,1
3349,NEU1,1,1
3350,LIMS1,13,3
3351,AKAP8,19,3
3352,INTS10,8,2
3353,UBXN2B,2,6
3354,ID3,14,2
3355,LACTB2,20,1
3356,NIN,9,6
3357,ARMC7,3,1
3358,PPIL1,10,1
3359,PON2,10,1
3360,CTNNA1,1,2
3361,SCAMP4,6,3
3362,COX15,16,1
3363,GAS5,11,1
3364,RPF1,7,1
3365,IGSF3,8,2
3366,AMD1,19,2
3367,PFAS,15,1
3368,CDH2,7,9
3369,WWP1,11,1
3370,SLC35D2,3,1
3371,MCPH1,7,1
3372,MMP15,13,1
3373,EMC2,15,2
3374,PRKCE,14,7
3375,TSEN15,20,1
3376,SUPT16H,15,4
3377,NAA10,20,1
3378,RIOK3,13,3
3379,GMPPA,1,1
3380,ZNF146,21,1
3381,ZNF134,10,5
3382,CTSA,1,1
3383,MIR222,17,357
3384,CCNDBP1,9,1
3385,KPTN,10,1
3386,JAG1,6,8
3387,APEH,8,2
3388,TTC7B,9,2
3389,UBQLN1,1,1
3390,RPTOR,7,1
3391,EPS15,5,1
3392,RICTOR,4,5
3393,TXN,7,5
3394,SLC35C2,14,2
3395,IQCB1,2,1
3396,RBM23,16,1
3397,RGL2,18,3
3398,STK24,1,2
3399,EIF5A2,10,1
3400,BTRC,7,5
3401,RAB11B,21,2
3402,ING1,21,1
3403,TXNDC12,1,1
3404,SMDT1,6,1
3405,POLE,3,3
3406,HABP4,2,1
3407,PACSIN3,1,1
3408,NDUFA4,14,1
3409,BZW1,19,3
3410,PFN1,18,6
3411,NUBP2,20,1
3412,GNAI2,7,8
3413,MIR25,10,371
3414,MAPK6,13,2
3415,WNT7B,21,1
3416,WDR3,20,1
3417,C11orf58,21,1
3418,RPS18,3,1
3419,ANP32A,18,3
3420,HDAC7,21,1
3421,GOLM1,10,1
3422,SSBP2,8,3
3423,SPC24,6,1
3424,VPS13D,9,1
3425,TOR1AIP1,4,2
3426,SMARCD1,19,2
3427,MASTL,1,1
3428,PDE4DIP,10,1
3429,TJAP1,19,1
3430,KPNA1,5,2
3431,UBTD2,1,1
3432,REV3L,10,4
3433,GRAMD4,10,4
3434,PIP4K2A,3,2
3435,RARG,7,5
3436,ALG3,17,2
3437,IDS,9,2
3438,NSDHL,3,1
3439,KLF6,9,6
3440,PALLD,11,2
3441,ARID3A,16,3
3442,MTHFD1L,13,1
3443,RIOK2,19,3
3444,SPDL1,14,1
3445,ABCF3,1,1
3446,DLAT,20,1
3447,SNF8,10,1
3448,CLU,11,2
3449,U2AF2,10,1
3450,SGTA,2,2
3451,TMEM97,18,2
3452,CHPF2,3,2
3453,LIG1,21,1
3454,CCDC25,2,1
3455,NUP210,17,2
3456,RPL4,3,1
3457,TRIM33,11,1
3458,FAM134A,21,1
3459,IK,8,2
3460,MGLL,14,1
3461,DNAJC5,4,2
3462,CAMSAP2,19,1
3463,BAG3,7,3
3464,F2R,7,4
3465,SRP19,6,1
3466,HERPUD2,11,1
3467,NDUFA5,21,2
3468,SNRNP200,21,2
3469,CNDP2,1,2
3470,HK2,1,2
3471,DNPEP,21,1
3472,MLLT4,10,1
3473,TFAP2C,7,14
3474,CCDC71,20,1
3475,ECT2,7,3
3476,PTPRM,14,1
3477,NBPF15,2,2
3478,CDK14,21,1
3479,LAPTM4A,4,1
3480,RAB4A,21,1
3481,WASH3P,21,1
3482,RPA1,4,2
3483,MYB,7,28
3484,APOBEC3B,3,1
3485,PEX1,17,1
3486,HARS,21,2
3487,PPA1,19,1
3488,N4BP1,19,2
3489,TUBA1B,5,3
3490,RAB7A,21,1
3491,EWSR1,21,1
3492,NIPBL,11,2
3493,GAK,10,1
3494,FNIP1,10,4
3495,TTPAL,16,3
3496,RSL1D1,2,2
3497,NOP56,4,1
3498,DHX16,20,2
3499,ABCE1,13,3
3500,GIGYF1,10,9
3501,STIM1,7,6
3502,CKAP2,17,2
3503,MAGEA2B,8,2
3504,FAM160B2,10,1
3505,SYNGR2,9,4
3506,XAF1,7,3
3507,WWTR1,13,5
3508,TACC1,3,2
3509,PREPL,2,3
3510,6-Mar,2,4
3511,LIX1L,10,1
3512,HIF1AN,4,3
3513,RUSC1,3,1
3514,LEPROTL1,21,1
3515,WRNIP1,10,1
3516,TMBIM1,3,1
3517,MGMT,17,4
3518,MYO18A,3,1
3519,FOXRED1,20,1
3520,MRPL3,10,1
3521,SLC25A44,10,1
3522,GRINA,8,2
3523,PAWR,10,4
3524,TUBGCP4,10,1
3525,LEF1,7,16
3526,USP28,10,5
3527,TBC1D4,13,1
3528,STYX,19,1
3529,CREBL2,4,2
3530,DDX10,8,3
3531,SRGAP2,6,2
3532,TRIM56,19,1
3533,BTAF1,10,1
3534,NBPF14,2,1
3535,TEX261,10,1
3536,SMARCD2,1,2
3537,NELFB,21,1
3538,DDX46,11,1
3539,USP54,20,1
3540,AGBL5,10,3
3541,MAPK1,4,5
3542,RBL1,7,3
3543,CHERP,8,1
3544,LRRC16A,21,1
3545,THOP1,17,1
3546,TMEM241,11,1
3547,C15orf38-AP3S2,4,1
3548,ZHX1,16,1
3549,GOLGA8B,10,4
3550,POGZ,9,4
3551,SUN2,17,1
3552,ENO1,7,5
3553,CFL1,8,2
3554,CCNI,16,2
3555,FLNB,9,3
3556,STX4,6,1
3557,ZBTB21,19,1
3558,GNAI1,9,1
3559,PGD,15,2
3560,STARD7,3,2
3561,PFDN2,15,3
3562,NFATC3,9,6
3563,SS18,17,1
3564,FBXO5,3,1
3565,AAMP,3,1
3566,SSFA2,10,6
3567,ZNF584,16,3
3568,DBF4,7,3
3569,FAM120A,1,1
3570,PLGRKT,16,1
3571,EED,2,3
3572,MAP3K14,4,2
3573,GOLGA3,10,4
3574,TBL1XR1,11,2
3575,LDOC1L,13,2
3576,H3F3B,7,13
3577,MOCS3,5,3
3578,CD2BP2,20,2
3579,NOTCH2,7,23
3580,NT5C3B,3,1
3581,TYW3,3,1
3582,LCOR,10,8
3583,TERF2,10,2
3584,RRAS,8,2
3585,CCNE1,10,2
3586,MYCBP,20,1
3587,CSTF2T,17,3
3588,COX7B,4,2
3589,METAP2,1,1
3590,BAP1,19,1
3591,C2orf68,3,1
3592,DMXL1,9,2
3593,ZW10,17,1
3594,RWDD1,20,1
3595,POLR3F,17,1
3596,ZFAND5,2,2
3597,CCDC34,11,1
3598,FOXD3,7,7
3599,STAG2,5,6
3600,RBL2,10,2
3601,LRRC8A,21,3
3602,ELK4,7,5
3603,DNASE2,7,3
3604,CD59,20,3
3605,DDR1,16,1
3606,GLRX5,16,3
3607,TBC1D13,20,4
3608,CCNK,5,2
3609,MESDC2,17,1
3610,APAF1,7,5
3611,SRRD,21,1
3612,VPS53,17,5
3613,CAST,17,1
3614,C12orf29,5,1
3615,UBE2G1,15,2
3616,RRM1,20,2
3617,GNE,11,2
3618,GLUD1,3,1
3619,SLC44A1,7,5
3620,ANXA11,10,2
3621,H1F0,5,1
3622,CYFIP2,9,2
3623,SV2A,17,2
3624,MARCKS,14,6
3625,GJB1,7,1
3626,MALAT1,9,1
3627,SLC25A30,9,1
3628,RHOBTB3,19,2
3629,STRIP1,2,2
3630,JAZF1,4,1
3631,UFM1,17,1
3632,PHPT1,5,1
3633,NAA30,18,4
3634,WAC,4,2
3635,NSMF,17,1
3636,FN3KRP,21,2
3637,EXOC6B,10,1
3638,QSER1,15,7
3639,TATDN2,8,2
3640,HELLS,14,4
3641,ACAA1,10,1
3642,HLA-A,9,4
3643,GADD45A,7,7
3644,KBTBD2,1,1
3645,ZYX,17,2
3646,TCF7,7,4
3647,SEC14L1,10,1
3648,TMEM185B,6,1
3649,FEZ2,1,1
3650,RBM8A,21,2
3651,NNT,8,2
3652,MAPK1IP1L,5,4
3653,SKIV2L2,1,1
3654,MIER2,20,1
3655,RALGPS2,11,1
3656,TRIM23,2,1
3657,ILF2,4,3
3658,FIP1L1,1,1
3659,MTMR12,15,3
3660,REPS1,3,3
3661,IFIT3,19,2
3662,PPM1G,1,2
3663,AAK1,4,6
3664,YY1,7,41
3665,DPY19L1,1,1
3666,MED21,3,1
3667,MAGEA6,8,1
3668,JAK1,9,2
3669,CELF1,20,4
3670,PSAP,21,1
3671,RBM22,1,2
3672,BCL2,7,27
3673,RAB21,19,1
3674,FKBP9,10,2
3675,LIMD1,10,1
3676,TMF1,10,4
3677,ARFIP2,1,2
3678,C20orf24,18,1
3679,RBM39,17,1
3680,CS,6,4
3681,WDR36,3,1
3682,SNX27,21,1
3683,NRBF2,20,1
3684,SQLE,14,1
3685,PPAPDC1A,16,2
3686,YWHAZ,1,4
3687,BLOC1S2,5,1
3688,RNF20,17,2
3689,GNAQ,10,4
3690,GPC1,21,1
3691,CSNK1G1,2,2
3692,POC1A,16,1
3693,CAPZB,8,2
3694,NFATC2IP,4,4
3695,TOX4,15,3
3696,ZCRB1,2,1
3697,RPRD2,11,3
3698,SNX7,9,1
3699,CAPZA1,9,1
3700,GDF15,7,5
3701,TIMM23,20,1
3702,TONSL,10,1
3703,SMC2,17,2
3704,BFAR,10,1
3705,SGK3,11,2
3706,WAPAL,16,2
3707,MAP3K13,18,1
3708,C15orf57,3,1
3709,HAUS3,21,1
3710,FZD1,4,2
3711,DIDO1,19,2
3712,PLD1,7,5
3713,CLPTM1L,18,1
3714,MRPS16,10,4
3715,TCEB3,10,3
3716,ATMIN,11,1
3717,COX20,10,5
3718,NCOR2,9,3
3719,DDA1,8,2
3720,GPBP1,21,2
3721,NINJ1,7,1
3722,DYRK1A,16,3
3723,FUCA1,2,1
3724,PHACTR4,5,5
3725,AKAP10,10,3
3726,GABARAPL2,10,1
3727,TNF,7,20
3728,AP5Z1,10,3
3729,GPN2,3,1
3730,SLC26A2,16,3
3731,SORD,6,3
3732,ARMCX6,15,1
3733,COPB2,20,1
3734,NECAP1,10,1
3735,SET,11,2
3736,SCRN1,11,2
3737,SLC12A7,16,2
3738,HNRNPM,13,3
3739,SOCS6,18,1
3740,CCDC115,20,1
3741,EIF4E2,1,1
3742,ARPC5,4,1
3743,JMJD6,10,1
3744,CEP250,17,1
3745,RAI14,11,2
3746,GPR107,13,3
3747,PPP4C,21,2
3748,PIK3CA,7,4
3749,ENTPD4,2,3
3750,WDR4,20,2
3751,CDC25C,7,7
3752,WRB,1,1
3753,NSMAF,10,2
3754,ADNP,8,3
3755,GOLPH3,1,1
3756,ZNF721,10,1
3757,NDUFB6,17,1
3758,DNTTIP2,18,1
3759,ZNF451,9,3
3760,BCL10,7,3
3761,PRKCQ,14,11
3762,NR1D1,11,4
3763,TMEM184C,2,3
3764,FUBP3,1,1
3765,HMGXB3,10,1
3766,NEK2,10,2
3767,PRPF6,21,1
3768,AGPAT6,21,1
3769,FAM199X,1,1
3770,CKAP2L,4,3
3771,RBM25,5,1
3772,HIST3H2A,8,1
3773,EMC6,3,3
3774,BET1,1,2
3775,GMFB,8,1
3776,NDST1,3,2
3777,PRUNE,7,1
3778,SCYL2,10,1
3779,GDE1,15,4
3780,MTPN,18,4
3781,USP39,3,1
3782,GNPDA1,8,1
3783,PAK3,14,13
3784,ATP5O,5,1
3785,TMEM120B,8,2
3786,LBR,5,6
3787,AURKA,7,10
3788,UTP14A,8,2
3789,ARFGEF2,10,1
3790,BUB3,13,1
3791,SLC30A5,4,2
3792,LRRC28,8,1
3793,GFER,7,6
3794,RPLP1,10,1
3795,MRPL16,1,1
3796,SDF4,10,1
3797,NF2,10,4
3798,ZNF227,2,1
3799,MCM3,8,4
3800,ZNF266,5,1
3801,LTA4H,20,1
3802,RNF11,16,6
3803,CROT,17,1
3804,ZNF707,14,1
3805,WEE1,15,6
3806,GNG2,17,1
3807,NCKIPSD,6,3
3808,B4GALT3,8,1
3809,KIFC1,15,3
3810,NXT2,19,2
3811,H6PD,2,2
3812,PA2G4,19,5
3813,AIP,21,1
3814,YIPF2,8,2
3815,MRPS21,10,3
3816,MIR137,10,88
3817,CASP3,14,9
3818,ALDH7A1,3,2
3819,B3GALNT2,10,1
3820,RCC1,16,4
3821,ADH5,7,5
3822,SIGMAR1,14,2
3823,PUM2,4,3
3824,IL10,7,9
3825,ALS2,8,1
3826,NUP43,10,7
3827,ENG,7,6
3828,GLO1,10,8
3829,XRCC2,15,1
3830,PHF8,16,5
3831,LIMCH1,11,2
3832,MAML1,2,2
3833,NR2C2,7,3
3834,TBC1D14,1,1
3835,COL4A1,13,6
3836,ATAD2,3,1
3837,CHCHD4,16,1
3838,TANK,7,4
3839,CLOCK,7,1
3840,GATAD2A,10,1
3841,BRPF3,1,2
3842,DDX20,20,1
3843,CDC27,17,3
3844,CTNNAL1,7,3
3845,CLTB,8,1
3846,PPP1R11,14,3
3847,C6orf89,3,1
3848,GTPBP2,9,1
3849,RPL27,10,1
3850,EXOC7,1,1
3851,MOAP1,10,4
3852,SMAP1,11,2
3853,PPRC1,17,2
3854,RBBP9,6,1
3855,IQCE,17,1
3856,AMACR,3,1
3857,G6PD,7,6
3858,HSPA5,7,7
3859,GPD1L,11,1
3860,IRF9,7,2
3861,DBR1,4,1
3862,MTMR14,3,2
3863,KIF16B,17,1
3864,ZNF224,10,2
3865,KDM5A,5,3
3866,ING2,7,3
3867,RPF2,13,1
3868,PDS5A,20,1
3869,LATS1,11,1
3870,EMC1,9,2
3871,VTA1,16,2
3872,ACOT2,6,1
3873,UBE2H,15,3
3874,GPD2,7,4
3875,HK1,20,2
3876,LDHA,18,3
3877,MIR34A,8,490
3878,MIRLET7B,20,1008
3879,ZSCAN25,16,1
3880,FAM53C,17,1
3881,WDFY1,1,1
3882,UBQLN2,3,3
3883,DNAJB1,1,1
3884,CARHSP1,1,2
3885,MSH2,7,5
3886,VEZT,19,1
3887,KIF2C,16,5
3888,MTO1,14,2
3889,SLC27A1,2,3
3890,CAPN7,6,2
3891,BRD1,17,1
3892,KIAA0368,1,1
3893,VASP,3,2
3894,ABCB9,4,1
3895,FBXL17,11,1
3896,EIF2A,9,1
3897,BHLHE40,7,6
3898,ARF6,4,3
3899,RNF149,18,2
3900,POP4,10,1
3901,ZFR,8,1
3902,SSX2IP,17,7
3903,OPTN,9,3
3904,DCUN1D5,21,1
3905,RBM6,17,1
3906,TMEM161A,10,1
3907,C2orf69,5,2
3908,UGP2,3,1
3909,OSBPL3,5,2
3910,PBK,7,3
3911,RHOB,7,4
3912,PDE12,6,3
3913,FAF1,19,3
3914,ITGB1,9,4
3915,NVL,20,2
3916,KPNA6,17,6
3917,TMED4,5,2
3918,RAB31,2,1
3919,KLF13,4,4
3920,MALT1,11,3
3921,ZSWIM8,21,1
3922,RRN3,10,2
3923,QTRT1,10,1
3924,SLC33A1,10,3
3925,TMOD3,13,3
3926,TRMT2A,3,1
3927,DDAH2,8,1
3928,GFM2,20,1
3929,TBL2,6,1
3930,RIOK1,10,1
3931,ETV6,2,2
3932,UBE2I,7,4
3933,TJP2,18,3
3934,RBM28,10,4
3935,RPL8,17,3
3936,CSNK1G2,1,1
3937,RSPRY1,11,2
3938,PAIP1,10,3
3939,STOML2,4,1
3940,PRRC2A,3,4
3941,ISCA2,6,1
3942,CCDC88A,7,1
3943,CHD3,20,1
3944,TCERG1,13,2
3945,RERE,19,1
3946,CORO1C,19,1
3947,KIF5B,10,5
3948,GGCX,11,3
3949,ECH1,3,1
3950,C9orf89,9,1
3951,PROSER1,8,2
3952,STXBP1,10,1
3953,PLXND1,16,5
3954,C1orf43,17,1
3955,C10orf32,3,1
3956,EML4,2,1
3957,PKN1,10,1
3958,NCSTN,11,1
3959,MELK,3,1
3960,CASKIN2,17,1
3961,NHLRC3,20,3
3962,HAUS8,17,2
3963,ANXA1,7,4
3964,DVL2,17,1
3965,PPP3CB,2,2
3966,PRKACB,18,1
3967,ST6GAL1,11,1
3968,GNL1,4,3
3969,YBX3,3,3
3970,EPRS,3,2
3971,UHRF2,17,2
3972,SLC35B4,5,2
3973,TMEM160,10,1
3974,KCTD3,5,2
3975,ABHD17C,19,2
3976,PFKM,20,3
3977,INTS7,21,3
3978,DVL3,20,1
3979,SYNGR1,21,1
3980,WNK1,16,7
3981,SLC27A4,3,1
3982,SLC35F6,6,3
3983,PSRC1,3,1
3984,CRAT,1,1
3985,SMCR8,2,5
3986,N4BP2L2,13,1
3987,GPI,8,4
3988,SRC,18,7
3989,FBXO34,5,1
3990,GCA,3,1
3991,USP46,15,1
3992,ALDH9A1,2,5
3993,MYO1C,8,4
3994,FERMT2,19,2
3995,MAVS,21,4
3996,PPIL2,4,1
3997,TIMM9,20,1
3998,AKAP11,19,1
3999,FAM3A,10,2
4000,SMARCA5,10,3
4001,NRN1,10,1
4002,KLHDC8B,20,1
4003,LSM7,10,1
4004,MFSD3,20,1
4005,C19orf53,20,1
4006,PYCRL,20,1
4007,GPATCH4,20,1
4008,SYNE1,9,2
4009,USP29,7,1
4010,TNRC6B,4,7
4011,FRMD4B,9,1
4012,SPATS2,19,1
4013,HLA-DRB1,7,2
4014,WHSC1L1,18,3
4015,PRR11,5,1
4016,THOC5,20,1
4017,OSBP,18,1
4018,PPP1R12A,2,2
4019,DDX17,1,3
4020,MCCC2,3,1
4021,SLC1A5,6,7
4022,HSPA8,10,5
4023,YIPF5,21,3
4024,PFKP,3,1
4025,RFX7,14,1
4026,RPAIN,21,2
4027,ASAH1,10,2
4028,NID1,7,4
4029,EVL,17,1
4030,AP2A1,8,2
4031,FASLG,7,11
4032,ARL5A,1,1
4033,ACAA2,9,2
4034,IER5,2,4
4035,PSEN1,7,10
4036,NCAM1,7,2
4037,NUP155,9,5
4038,HNRNPA2B1,10,1
4039,YWHAQ,6,3
4040,RBCK1,8,1
4041,UBFD1,3,1
4042,TOMM5,2,2
4043,HSD17B10,8,2
4044,ATP6V1H,1,1
4045,MIR193B,3,819
4046,B2M,7,5
4047,SUV420H1,11,2
4048,WDR75,21,2
4049,STX7,3,1
4050,ENDOD1,9,2
4051,RFC5,3,1
4052,ZBTB22,10,1
4053,ERRFI1,16,2
4054,ERCC1,20,1
4055,DHX37,3,1
4056,ATF5,17,2
4057,C9orf40,3,1
4058,IPO11,20,1
4059,ATP1B1,7,2
4060,XYLT2,7,4
4061,JOSD1,2,2
4062,VPS72,10,1
4063,UBR3,16,2
4064,FKTN,2,1
4065,GPCPD1,18,1
4066,TMEM147,11,1
4067,SEPHS1,3,2
4068,INTS4,1,1
4069,VDAC1,13,1
4070,FKBP1C,5,1
4071,IPO8,1,3
4072,ANKIB1,10,2
4073,USP5,5,1
4074,COX7A2L,13,3
4075,MYBL1,7,4
4076,SOX2,7,1
4077,FRA10AC1,5,1
4078,VCL,8,4
4079,BRD7,7,2
4080,LTBP3,21,2
4081,LMCD1,3,1
4082,ETF1,14,1
4083,TNFAIP2,1,1
4084,PISD,14,1
4085,DAZAP2,18,4
4086,DNAJC8,21,2
4087,SUPT7L,4,3
4088,PDCD4,7,7
4089,CYP51A1,7,8
4090,TANGO2,21,2
4091,R3HDM4,13,3
4092,NT5C3A,19,1
4093,ULK1,5,1
4094,NR3C1,7,22
4095,SRSF9,2,1
4096,ECI1,1,1
4097,KANK2,3,3
4098,RARS2,19,1
4099,ANAPC16,6,3
4100,PFDN4,1,1
4101,PANK3,17,3
4102,RNMT,5,2
4103,CTBP2,20,1
4104,METAP1,5,2
4105,TOMM34,11,3
4106,RPL15,21,3
4107,PPA2,3,1
4108,BIN3,21,1
4109,ERP44,11,1
4110,PTS,10,1
4111,STARD13,11,2
4112,RNF123,1,2
4113,ARHGDIA,10,1
4114,STX6,9,4
4115,SLC38A1,4,3
4116,FAH,8,1
4117,C16orf52,19,1
4118,OGFR,10,1
4119,EBNA1BP2,5,3
4120,TTF1,1,1
4121,MKKS,17,2
4122,COLGALT1,1,1
4123,DDX49,20,2
4124,NOA1,21,3
4125,GOT1,14,2
4126,ZNF3,3,2
4127,DENND5A,10,3
4128,RTN4,15,4
4129,FOXN2,10,6
4130,TWIST1,7,12
4131,MAP3K4,16,4
4132,SERINC5,9,1
4133,EXOC6,4,1
4134,CNEP1R1,10,4
4135,LRRC20,21,2
4136,NETO2,18,2
4137,PTCD2,16,1
4138,TDP1,3,1
4139,SUGT1,6,4
4140,ZNF205,7,2
4141,MIR181A1,5,347
4142,TRAPPC11,10,1
4143,FAM160A2,5,1
4144,DHCR7,8,1
4145,TMEM251,21,1
4146,CPSF6,17,3
4147,RPL14,5,1
4148,MTF2,2,1
4149,CCND3,7,5
4150,TSN,8,3
4151,C1GALT1,20,1
4152,PAPD7,10,4
4153,SHOC2,6,6
4154,FAHD1,3,1
4155,CIZ1,20,1
4156,UBE4A,13,2
4157,PTCD3,8,1
4158,PCNT,1,3
4159,MAPK9,18,3
4160,SFXN1,4,4
4161,SPR,20,1
4162,TNS3,11,1
4163,RNF219,15,3
4164,FMNL3,5,3
4165,ZNF268,18,3
4166,MED22,21,1
4167,ENAH,18,4
4168,RPP38,20,1
4169,CYB5R3,10,1
4170,POLD3,13,2
4171,TRIP11,6,2
4172,IPP,10,8
4173,NUPL1,5,2
4174,AP2M1,4,2
4175,KNSTRN,17,1
4176,MRPL44,19,2
4177,ACSL3,17,1
4178,BRAP,18,2
4179,SBNO1,17,1
4180,SNTB1,16,1
4181,SERP1,15,1
4182,PLS3,3,1
4183,EIF3D,20,1
4184,ANAPC5,8,1
4185,MAP2K5,6,2
4186,SMS,21,1
4187,FAM192A,5,1
4188,RPL18A,21,3
4189,E4F1,10,2
4190,PCDH7,15,2
4191,AVL9,6,3
4192,CKB,20,2
4193,CLIP4,11,1
4194,C1D,6,2
4195,PHC3,5,1
4196,NAPG,2,1
4197,SF3B3,17,5
4198,RPP14,14,2
4199,CNTRL,11,1
4200,PGM1,20,1
4201,SNRPB,3,1
4202,PRELID1,10,1
4203,DCTD,19,3
4204,AGPAT5,10,1
4205,DOCK5,11,3
4206,PLXNB1,6,1
4207,KXD1,3,2
4208,EIF1,10,5
4209,SMIM13,14,1
4210,GDI1,8,3
4211,ZNF346,21,2
4212,APC,1,6
4213,UBC,7,4
4214,NME4,3,2
4215,XPNPEP1,1,1
4216,IFNAR1,3,1
4217,HEATR5A,3,1
4218,TCF20,14,2
4219,CCDC77,21,2
4220,MFN1,10,1
4221,ZFP91,13,4
4222,NPM3,5,1
4223,TRAF3IP2,7,4
4224,FOPNL,10,4
4225,SLAIN2,18,2
4226,TRNT1,18,2
4227,FOXK1,18,5
4228,CSF1,7,5
4229,MIR200B,19,136
4230,SLC17A5,11,1
4231,RAB23,19,2
4232,PSMB1,10,1
4233,RAB13,6,3
4234,SRI,20,1
4235,CDC25A,7,9
4236,ARPC2,21,2
4237,RALGAPB,13,2
4238,UBE4B,9,4
4239,DGCR14,21,1
4240,STK25,15,2
4241,MRPL47,20,1
4242,UBE2J2,1,1
4243,CTBS,6,1
4244,LDLR,7,14
4245,TAOK1,4,4
4246,ABL1,18,4
4247,DOCK3,8,1
4248,PUF60,7,1
4249,ZFAND6,5,1
4250,TOP3A,7,3
4251,INPP4B,17,1
4252,ELOF1,10,1
4253,SPTLC1,10,1
4254,DKK3,6,1
4255,HNRNPF,6,5
4256,ATXN7L3,3,3
4257,SLC9A3R2,19,2
4258,REST,13,9
4259,DZIP1,20,1
4260,NRBP1,2,3
4261,TPM4,20,1
4262,MECR,1,1
4263,RBPJ,7,10
4264,MYOF,8,1
4265,SCYL1,20,1
4266,SLC39A9,18,1
4267,PEF1,3,1
4268,RAB11FIP3,14,1
4269,UQCRFS1,14,2
4270,DNAJB12,10,1
4271,G3BP1,19,2
4272,LARS,11,4
4273,SPC25,3,1
4274,MIF,7,5
4275,ROBO1,19,2
4276,RDX,4,2
4277,ZYG11B,11,1
4278,CLPB,19,2
4279,PPP2R4,7,1
4280,TM9SF2,14,1
4281,DNAJB9,10,4
4282,MFF,10,3
4283,PYURF,4,1
4284,SNX19,21,1
4285,MKNK2,10,6
4286,VPS33A,16,2
4287,SDE2,8,2
4288,ATRX,11,1
4289,PIH1D1,20,1
4290,BCL7C,1,1
4291,CLUH,20,1
4292,ARRDC3,16,2
4293,SLC38A7,6,7
4294,PCNXL4,10,1
4295,NRAS,10,5
4296,BCS1L,10,1
4297,CERS6,11,1
4298,MIR21,11,454
4299,CRTC3,13,2
4300,CHAF1B,3,2
4301,USP48,19,1
4302,MAT2A,7,18
4303,TACC3,21,2
4304,UROS,13,2
4305,RCC2,16,5
4306,CTSC,16,1
4307,HAT1,20,1
4308,APIP,19,1
4309,E2F7,9,3
4310,RBM19,20,1
4311,TMEM41B,21,1
4312,DOT1L,10,1
4313,THBS2,3,1
4314,ATG9A,19,2
4315,NT5DC2,17,2
4316,NDUFS5,21,1
4317,ZNF749,21,2
4318,FYCO1,18,3
4319,AMFR,13,2
4320,CHMP3,9,2
4321,ACVR1,15,4
4322,RALB,8,2
4323,FBXO11,5,3
4324,HES1,7,8
4325,ATXN7,9,3
4326,AASDHPPT,16,4
4327,TRAF3IP1,10,4
4328,WDR26,13,5
4329,BRMS1,17,1
4330,DDX21,8,4
4331,TNKS2,4,2
4332,G3BP2,8,3
4333,AEN,10,3
4334,ADIPOR2,20,2
4335,DNAJC21,10,1
4336,ARID1B,10,3
4337,NOP58,17,1
4338,TPD52L1,18,2
4339,HSPA2,6,2
4340,ID4,7,3
4341,CNN2,14,2
4342,TRIM44,11,3
4343,TRIO,1,2
4344,CENPB,21,2
4345,TMEM33,1,3
4346,HIRIP3,8,1
4347,BRD2,20,2
4348,PDS5B,10,1
4349,ABCF1,20,1
4350,ATF7IP,10,5
4351,OGFOD1,8,3
4352,KLHL5,14,2
4353,CMTR1,3,1
4354,CMTM6,19,2
4355,KAT2B,10,4
4356,MFAP3,2,1
4357,FASTKD1,1,1
4358,LUC7L3,1,1
4359,ATF4,7,7
4360,NDUFS1,17,1
4361,PHLDA1,5,1
4362,TMEM170A,11,1
4363,RPL35A,4,2
4364,PSMD8,21,1
4365,MT2A,7,7
4366,LGALSL,5,1
4367,RAB15,6,3
4368,TIMP2,7,5
4369,USP7,11,2
4370,SNRPD1,10,3
4371,ZBTB4,5,3
4372,IGF1R,20,10
4373,HAUS6,20,1
4374,PDCD10,18,5
4375,BICD2,19,3
4376,MTAP,7,5
4377,HSP90AA1,20,9
4378,NKRF,21,2
4379,SMARCD3,5,1
4380,TACO1,6,2
4381,NASP,13,4
4382,CITED2,5,1
4383,CXorf38,17,1
4384,GTF3C6,17,1
4385,MRPL37,20,1
4386,AGPAT1,3,1
4387,IFITM3,19,1
4388,WDR83OS,10,1
4389,ECHDC1,4,3
4390,NDRG2,7,3
4391,PCTP,20,2
4392,MROH1,17,1
4393,RAN,18,6
4394,CDC42SE2,18,1
4395,GUCD1,14,1
4396,FAM120AOS,16,1
4397,YTHDC1,6,3
4398,EIF3F,21,2
4399,IDI1,3,2
4400,ATP5E,15,1
4401,CYTH3,8,1
4402,BROX,18,1
4403,BDP1,14,1
4404,GIT2,10,1
4405,PSMG3,10,1
4406,SERPINB1,8,1
4407,RHOA,7,7
4408,DEGS1,8,3
4409,ANKRD11,19,3
4410,MTMR3,5,2
4411,HOXB7,7,7
4412,TSC22D2,18,4
4413,EIF4B,10,4
4414,MCMBP,8,2
4415,NAV2,21,1
4416,IFI30,21,1
4417,AKAP12,5,1
4418,GAPVD1,11,5
4419,COPS6,10,1
4420,NUS1,4,3
4421,NFIX,13,1
4422,ZNF598,10,4
4423,MIR18B,4,97
4424,ESYT2,11,3
4425,IMPDH1,13,4
4426,ARL8B,6,7
4427,AFF4,2,5
4428,RRP1,21,1
4429,BOD1L1,9,1
4430,ANKRD52,4,2
4431,XPOT,14,3
4432,UTRN,7,6
4433,MAP7D3,3,1
4434,NAA15,16,2
4435,TXNDC17,10,1
4436,MXI1,1,2
4437,RSBN1L,5,2
4438,PPP3R1,9,2
4439,RNF167,8,1
4440,REV1,11,2
4441,HNRNPA3,19,2
4442,MUS81,1,1
4443,DBNDD2,20,1
4444,MTHFD1,9,3
4445,PGRMC2,11,2
4446,C1orf198,4,1
4447,MRPS23,15,1
4448,ZNF385A,21,1
4449,FBXW7,18,4
4450,AK2,8,3
4451,RCAN1,20,2
4452,TBCA,1,1
4453,MAFG,7,2
4454,WBP2,4,2
4455,STK11,7,8
4456,SKA1,3,1
4457,SMEK1,2,1
4458,GPT2,1,1
4459,RPS16,21,2
4460,TWF1,10,7
4461,NUP62,8,2
4462,FAM129B,10,1
4463,RAD51AP1,4,1
4464,HNRNPH1,2,5
4465,NOP2,19,2
4466,SRSF10,3,1
4467,LSAMP,13,1
4468,SSU72,1,1
4469,CDK19,16,2
4470,SLC37A3,5,2
4471,SPIN1,1,2
4472,PTPRZ1,7,4
4473,BEST1,7,1
4474,PUM1,13,3
4475,CSDE1,10,1
4476,SPTBN2,3,3
4477,CCP110,3,1
4478,KDM6B,19,2
4479,C12orf4,20,2
4480,TAF1,11,1
4481,CTHRC1,20,1
4482,TUFM,10,1
4483,DNM2,20,2
4484,PIGU,20,1
4485,THAP5,19,2
4486,AAGAB,10,1
4487,GNA12,14,4
4488,RNF121,10,1
4489,KIFAP3,11,1
4490,TFRC,5,6
4491,TRRAP,9,3
4492,FMNL2,18,3
4493,PRPF31,3,1
4494,LRR1,3,1
4495,SMG1,15,5
4496,MED28,2,4
4497,CSTF1,16,3
4498,TRMT5,18,2
4499,LRRC41,21,2
4500,NDOR1,10,1
4501,S100A4,7,3
4502,CD47,11,2
4503,SCD,6,7
4504,PLEKHH1,6,2
4505,KLHL8,17,1
4506,SREBF1,7,24
4507,QRSL1,19,2
4508,MINK1,21,3
4509,C1orf52,16,3
4510,CLDN12,20,1
4511,BBS7,20,1
4512,TMEM199,15,2
4513,FGFRL1,11,2
4514,HSF1,7,17
4515,IL1B,7,5
4516,NCAPG,14,6
4517,ELK1,7,19
4518,DARS2,19,2
4519,MBNL2,19,1
4520,CCNG1,9,4
4521,TMEM106B,16,1
4522,SMARCB1,15,2
4523,INO80C,9,1
4524,AHR,7,13
4525,TRIM4,18,1
4526,WDR33,19,2
4527,PRPF19,3,2
4528,SMEK2,4,1
4529,EIF4E,7,2
4530,DUSP23,20,1
4531,SHMT2,3,2
4532,PAFAH1B3,20,1
4533,UQCR10,17,1
4534,PSMD4,17,1
4535,PEX2,6,1
4536,TBPL1,6,5
4537,DTD2,6,2
4538,FADS1,1,2
4539,ANP32E,10,4
4540,UBXN2A,18,2
4541,P4HA2,9,1
4542,RNF111,4,4
4543,RAD21,10,1
4544,CDC34,20,1
4545,RMND5A,18,2
4546,PTTG1,7,10
4547,ITGAV,7,2
4548,BTD,16,2
4549,NIPA1,9,2
4550,GCC2,9,2
4551,TRMT13,9,1
4552,RANBP10,17,1
4553,BLOC1S3,6,1
4554,MZT1,2,2
4555,NR1H3,7,3
4556,TDG,13,2
4557,EIF2AK1,17,4
4558,TPST2,16,1
4559,CCDC117,13,2
4560,DHCR24,14,3
4561,FKBP3,1,1
4562,SAMD8,14,2
4563,ARPC3,19,4
4564,SNX18,3,1
4565,C16orf62,1,1
4566,TMEM209,21,1
4567,CCT7,10,1
4568,SPEN,3,2
4569,CCNC,15,1
4570,SMC5,10,1
4571,TSFM,10,1
4572,MYBL2,7,3
4573,HCFC1,21,5
4574,DPP7,1,1
4575,FUBP1,7,5
4576,RBBP4,14,1
4577,UBE2C,3,1
4578,C6orf62,20,2
4579,USF1,7,24
4580,YES1,14,1
4581,ASPSCR1,20,1
4582,ARGLU1,1,1
4583,ORMDL2,9,2
4584,AGO2,17,10
4585,EIF2S3,10,1
4586,UHMK1,7,4
4587,ORC4,15,3
4588,STOM,18,1
4589,TRIM16L,3,1
4590,ITSN2,21,2
4591,PITPNM1,17,1
4592,SERTAD3,10,4
4593,MYBBP1A,3,2
4594,IL6,7,17
4595,PLAUR,7,11
4596,ZNF195,16,2
4597,KLF16,6,1
4598,ACTA2,7,5
4599,PDPK1,14,8
4600,BTF3L4,8,3
4601,DDX24,8,1
4602,HINT1,21,1
4603,SLC19A2,7,4
4604,SACS,2,1
4605,FAM193A,13,4
4606,FANCD2,3,3
4607,DENND5B,19,2
4608,PRNP,17,5
4609,HEXIM1,18,2
4610,RBM12B,19,2
4611,HNRNPD,17,4
4612,IMMT,8,1
4613,MIR199A2,16,144
4614,ZNF532,11,1
4615,AGGF1,11,1
4616,HSP90AB1,3,3
4617,TCEB2,17,2
4618,GLCE,2,1
4619,YTHDF3,10,1
4620,RAB27A,4,1
4621,SP110,10,1
4622,PNO1,10,2
4623,MED6,16,1
4624,PHLDA2,3,1
4625,KDELC2,1,1
4626,ERAL1,21,1
4627,SARS,13,1
4628,FHL2,7,2
4629,HDAC4,7,5
4630,OSBPL1A,11,2
4631,DHTKD1,20,2
4632,GSTK1,3,1
4633,CHD4,14,4
4634,CHTOP,3,4
4635,COG1,21,1
4636,FLII,20,1
4637,OCIAD1,20,1
4638,VPS28,20,1
4639,ATP13A1,1,2
4640,FAM43A,20,1
4641,ARFIP1,1,1
4642,ICMT,14,1
4643,LRRC47,15,3
4644,TNFSF10,7,5
4645,CNKSR3,15,1
4646,SNHG16,9,1
4647,SERTAD2,14,4
4648,GTF2E1,10,5
4649,THRA,13,1
4650,PPFIBP1,1,1
4651,UBE2J1,1,2
4652,TMEM63B,20,1
4653,MTFMT,1,1
4654,EPG5,2,2
4655,PNKD,5,1
4656,MAP4,8,3
4657,KANSL3,17,2
4658,NUDT5,8,1
4659,C17orf85,6,1
4660,PLOD3,11,1
4661,TTC9C,20,1
4662,ELL,7,1
4663,MPP1,10,1
4664,AP1S1,20,1
4665,XPC,7,4
4666,CYCS,7,5
4667,SLC9A3R1,20,2
4668,CDKN3,19,2
4669,DCUN1D1,2,1
4670,ICAM1,7,19
4671,NCAPG2,20,1
4672,B4GALT6,14,2
4673,RAB11A,10,1
4674,NUCB1,2,3
4675,PAFAH2,20,1
4676,XIAP,19,5
4677,ABCD3,11,1
4678,KIF15,3,1
4679,DSCR3,18,1
4680,NOMO3,21,2
4681,EIF3G,1,2
4682,KIDINS220,20,1
4683,SMC1A,11,4
4684,EPB41L2,8,3
4685,TXNL4A,3,2
4686,C11orf54,17,2
4687,RCOR1,9,4
4688,CARM1,5,3
4689,UBAC2,10,1
4690,HECTD1,18,4
4691,TMEM50A,21,2
4692,SP2,7,5
4693,PDK2,10,1
4694,MLANA,7,1
4695,PGM2,9,1
4696,LAPTM4B,5,2
4697,SPCS1,19,2
4698,EGLN1,18,2
4699,GTF3C3,8,1
4700,KIAA0196,8,2
4701,CKS2,19,2
4702,RAB1A,15,3
4703,GNB5,16,1
4704,ADCY1,20,1
4705,ZNF45,14,1
4706,GZMB,7,3
4707,SURF4,8,4
4708,STAG3L3,8,1
4709,ZDHHC18,15,1
4710,CLASP1,11,1
4711,CBX1,3,1
4712,CHD7,1,2
4713,AP3B1,9,3
4714,SF3B1,20,1
4715,RASA1,6,4
4716,FOSB,7,4
4717,AAAS,3,1
4718,RRP7A,21,2
4719,MAP4K2,3,1
4720,RETSAT,1,1
4721,BAG4,2,2
4722,DNAJC19,21,2
4723,FEM1C,15,1
4724,RLIM,18,6
4725,AZI2,14,1
4726,GIGYF2,8,1
4727,CKAP5,11,3
4728,CYP20A1,18,3
4729,C5orf22,3,1
4730,TOPBP1,5,1
4731,MPND,20,1
4732,MIR206,15,58
4733,ZNF800,19,2
4734,TMCC1,17,3
4735,GOLGA7,13,4
4736,DUS1L,3,1
4737,SYPL1,9,2
4738,TRA2B,15,1
4739,MIR338,15,128
4740,FDX1,7,1
4741,GMNN,3,1
4742,C22orf29,3,2
4743,PLEKHH3,10,1
4744,TSPAN13,17,2
4745,CLSPN,10,4
4746,GRPEL1,1,1
4747,RXRA,7,7
4748,MYO10,18,2
4749,LGALS1,7,2
4750,INTS8,1,1
4751,TPP2,1,2
4752,KIF14,7,4
4753,PIP4K2C,3,1
4754,FAM69B,10,1
4755,NUDCD3,21,2
4756,TBC1D1,3,1
4757,EPB41L3,20,2
4758,CCNF,2,4
4759,IGSF8,20,1
4760,TMEM167A,19,5
4761,UST,21,2
4762,EEF2K,9,2
4763,ANKRD28,11,2
4764,AREL1,3,2
4765,RHOG,5,2
4766,LYSMD3,14,3
4767,SOAT1,7,3
4768,SPIRE1,5,2
4769,ZNF121,5,1
4770,NFKB1,7,78
4771,NPRL3,14,1
4772,ELP6,6,1
4773,RNF6,5,2
4774,NTHL1,10,1
4775,TCEB1,19,2
4776,CNPPD1,1,1
4777,SMNDC1,14,3
4778,PSMC4,17,1
4779,BCAT2,10,1
4780,SIRT1,7,12
4781,POLR1A,20,1
4782,NUSAP1,20,2
4783,ZNF827,19,1
4784,MIR221,17,328
4785,COX18,21,2
4786,RBM15B,5,3
4787,UFSP2,10,1
4788,TCOF1,8,4
4789,NME6,20,1
4790,FUT8,8,1
4791,GLUL,21,2
4792,SASH1,11,2
4793,KIAA0556,10,1
4794,ARPP19,15,6
4795,NONO,20,11
4796,TMED5,16,3
4797,RTCA,20,1
4798,NQO2,7,4
4799,SRCAP,9,2
4800,PTDSS2,6,3
4801,KAT5,5,1
4802,ZNF587,4,4
4803,MGAT5B,21,1
4804,VCAN,7,5
4805,RFWD3,10,1
4806,FAM111A,3,1
4807,RNGTT,10,1
4808,COX6B1,20,4
4809,TOPORS,11,3
4810,NCOA1,8,3
4811,AIMP1,1,1
4812,HMGB1,16,5
4813,EEF1A1,7,7
4814,DCTN2,21,1
4815,IL1A,7,4
4816,PSIP1,7,4
4817,CDK4,7,11
4818,BTBD1,2,3
4819,BAG1,16,2
4820,RPL11,10,1
4821,SLFN12,10,1
4822,ST14,12,1
4823,KRCC1,1,1
4824,FAM134C,4,2
4825,HSPA1A,7,8
4826,THBS1,7,8
4827,NUF2,17,1
4828,NDUFA7,6,3
4829,CST3,16,1
4830,TRAPPC10,3,1
4831,NUFIP2,19,14
4832,ATP11A,10,1
4833,NDUFS2,16,1
4834,ODC1,7,10
4835,IRF2BP2,13,4
4836,CSRNP2,13,2
4837,BCL6,7,13
4838,UROD,17,1
4839,ELMOD2,20,1
4840,RPL7L1,6,7
4841,LTN1,19,2
4842,AP3M1,11,4
4843,RPL37A,4,1
4844,C8orf33,17,1
4845,TUSC3,10,1
4846,BRI3BP,21,3
4847,DYNC1H1,21,4
4848,SUZ12,19,4
4849,GNG5,20,1
4850,GOLGA4,11,3
4851,PAQR3,13,2
4852,KCTD10,13,3
4853,VPS54,11,2
4854,RALA,5,1
4855,CCNA2,7,14
4856,EDC3,4,2
4857,MGST2,1,1
4858,ATP5J,10,1
4859,ME2,7,3
4860,SLC39A10,17,2
4861,HOOK3,5,2
4862,EIF1AX,15,3
4863,NRGN,21,1
4864,NUP98,4,4
4865,RIC8A,21,3
4866,FBXO31,17,1
4867,GDPD5,6,3
4868,MOSPD2,1,1
4869,ZBTB17,7,2
4870,DBN1,21,4
4871,YEATS4,6,2
4872,MARS2,21,2
4873,RAB6A,1,2
4874,GNL3L,1,1
4875,C6orf47,19,2
4876,KIAA1715,8,4
4877,SLC25A37,4,2
4878,BRF1,10,1
4879,CYSTM1,20,1
4880,SETD5,2,3
4881,EIF2B3,20,1
4882,SNX13,11,1
4883,IMPAD1,14,2
4884,TRAM2,10,6
4885,PPIC,10,3
4886,ARMC1,3,1
4887,NOP14,20,1
4888,CPD,1,1
4889,IL6R,8,1
4890,U2SURP,8,1
4891,CHSY1,9,2
4892,THEM6,20,2
4893,RBBP5,3,1
4894,SPG20,10,1
4895,SOS2,16,2
4896,ACTR1A,16,3
4897,FAR1,1,3
4898,ZWINT,15,5
4899,MDN1,19,4
4900,TGOLN2,19,2
4901,OGG1,7,3
4902,LRRC40,8,4
4903,SART3,10,1
4904,FAM126A,20,1
4905,LZTS2,7,2
4906,EIF3CL,1,1
4907,PAFAH1B1,19,2
4908,HAUS5,6,3
4909,ACTL6A,15,2
4910,ALYREF,21,2
4911,PRPF39,11,1
4912,BST2,7,1
4913,MIRLET7A1,7,3
4914,NFU1,20,1
4915,NUP35,20,1
4916,WBP1L,1,1
4917,EGLN2,7,4
4918,MKLN1,1,3
4919,EDEM3,9,5
4920,CMAS,8,1
4921,CMBL,13,2
4922,IL13RA1,1,1
4923,LMNB2,17,4
4924,SAR1A,17,7
4925,SLC30A9,17,1
4926,SGOL1,3,1
4927,TSEN54,6,1
4928,RNF138,13,5
4929,YDJC,3,1
4930,PSMB9,7,4
4931,CORO7,10,1
4932,NAA25,1,3
4933,FLOT1,6,2
4934,USP9X,17,2
4935,MED7,10,2
4936,CRKL,6,6
4937,CD3EAP,21,3
4938,CSNK1D,20,1
4939,NAV1,9,2
4940,PSMD3,10,1
4941,TCEA1,1,1
4942,INO80E,21,1
4943,FASN,17,4
4944,MID1IP1,10,1
4945,TBX2,7,4
4946,MSI2,15,4
4947,NDC1,17,1
4948,INTS5,3,2
4949,ZC3H7B,3,1
4950,MIR30D,2,354
4951,GMPR2,3,1
4952,IPO9,3,2
4953,FAM107B,2,1
4954,AP1AR,11,1
4955,FAM127B,8,1
4956,ARL8A,19,2
4957,DOCK9,6,2
4958,EARS2,10,1
4959,ZKSCAN8,17,1
4960,EIF5A,10,1
4961,POLR2L,20,2
4962,UBE2K,1,1
4963,LRRFIP1,8,3
4964,CDCA8,20,1
4965,MORF4L1,13,6
4966,SEC24B,1,1
4967,TMEM237,13,3
4968,C10orf76,6,2
4969,CBS,7,10
4970,USP24,3,1
4971,XPO7,19,3
4972,KLHDC10,10,3
4973,ZNF282,10,1
4974,ISG20L2,13,4
4975,RAD23B,2,3
4976,TXNDC5,4,2
4977,MRI1,10,1
4978,RAB22A,11,1
4979,NRP1,7,7
4980,AP5M1,5,2
4981,LRP5,7,1
4982,DDB1,21,3
4983,DDT,14,2
4984,MIR155,1,716
4985,LONP2,1,2
4986,RANBP6,20,1
4987,TRAPPC13,10,1
4988,BCL2L2,18,3
4989,TYMS,7,5
4990,SCRIB,3,1
4991,AHSA2,13,3
4992,ZNF622,10,1
4993,DRG2,3,3
4994,CDC73,19,3
4995,VMP1,5,2
4996,NDUFB5,13,2
4997,MAZ,13,13
4998,XRN1,8,3
4999,ZNF639,19,1
5000,SREK1,11,1
5001,TFDP1,7,4
5002,TBX3,10,2
5003,GALNT11,20,1
5004,LRP6,17,2
5005,CYBRD1,11,3
5006,STRADB,3,1
5007,APLP2,2,1
5008,DLEU2,3,1
5009,CBLL1,18,1
5010,TTLL12,16,4
5011,MYO1E,1,2
5012,ARHGAP31,21,1
5013,FANCI,11,2
5014,AP1M1,4,2
5015,PRKRIR,8,1
5016,TGFBRAP1,5,2
5017,CSTF2,14,4
5018,DENND4B,3,3
5019,PTGES2,10,6
5020,PPP2R5E,5,3
5021,ACSL1,14,3
5022,NCKAP1,4,4
5023,ETV3,5,1
5024,TJP1,1,2
5025,KIAA0101,5,4
5026,SPRY2,7,5
5027,CCT6A,16,2
5028,PRKCA,7,7
5029,SOX12,4,3
5030,ARIH1,20,1
5031,ARMC10,21,1
5032,ZMYND8,2,2
5033,ABT1,19,3
5034,FSTL3,9,1
5035,CREBZF,17,5
5036,SLC9A1,10,1
5037,ARHGEF18,17,1
5038,GATC,20,1
5039,UGGT1,11,1
5040,ABCB10,20,1
5041,HMGXB4,21,2
5042,SLC12A4,7,6
5043,PVR,11,3
5044,GCFC2,1,2
5045,EAF1,20,1
5046,NKIRAS2,13,3
5047,RNF40,8,3
5048,FAM20B,11,3
5049,BLMH,7,3
5050,TMEM168,19,2
5051,RPS4X,20,7
5052,GPATCH11,3,1
5053,GNB4,11,2
5054,COPRS,3,1
5055,YAP1,7,6
5056,SLC7A6OS,18,1
5057,ARHGAP26,20,1
5058,DSG2,20,2
5059,ELK3,7,3
5060,POLD2,17,2
5061,WDR34,17,1
5062,IL6ST,10,4
5063,SLC35A2,17,1
5064,TRAP1,10,5
5065,PRDX3,5,3
5066,NEK9,14,2
5067,DCAF8,4,2
5068,CABIN1,10,1
5069,ARHGAP11A,3,1
5070,SETD3,2,2
5071,CDCA2,3,1
5072,CAMSAP1,2,1
5073,FADS2,20,1
5074,KIF18B,10,1
5075,S100A16,3,1
5076,PRPF8,10,4
5077,SLC25A51,17,1
5078,LIF,16,1
5079,EIF4A3,21,2
5080,7-Sep,19,2
5081,XRN2,9,1
5082,TMEM201,14,2
5083,ZER1,20,2
5084,BLOC1S4,4,2
5085,SAMD4B,2,3
5086,STARD3,21,1
5087,MACF1,2,3
5088,SEC24A,9,5
5089,SFT2D2,4,5
5090,PHC2,14,2
5091,NOLC1,7,5
5092,C7orf26,3,1
5093,KLF10,2,3
5094,SLC35F5,19,1
5095,AKR1B1,8,1
5096,NR4A1,7,6
5097,CCT4,13,3
5098,ZNF326,11,2
5099,MICAL1,21,1
5100,KIAA1468,9,2
5101,AIDA,20,2
5102,RPL24,10,1
5103,SLC18B1,4,2
5104,PROS1,7,6
5105,DUT,8,2
5106,ADD1,17,1
5107,MMS19,8,1
5108,GPRC5A,15,4
5109,PTPN13,10,1
5110,PGGT1B,2,2
5111,OAZ2,17,1
5112,MECP2,16,4
5113,ZNHIT6,21,1
5114,BRCC3,3,2
5115,KLHL18,10,1
5116,SP3,7,100
5117,METTL13,3,1
5118,NACA,19,3
5119,ETFA,10,3
5120,SURF1,7,3
5121,KLHL22,3,1
5122,MED19,10,2
5123,RNF19B,19,2
5124,DUSP10,11,2
5125,SOD2,7,18
5126,ARL2BP,2,1
5127,NUDT21,15,2
5128,NOB1,1,1
5129,SPTSSA,17,1
5130,SPINT2,12,1
5131,KRBOX4,5,1
5132,PKD2,11,1
5133,CDK5,1,1
5134,NUDT3,4,3
5135,VEZF1,1,2
5136,MLH1,7,6
5137,TAF1D,16,4
5138,DNAJC24,21,1
5139,PRPF40A,8,1
5140,ENTPD6,20,1
5141,CUL5,14,3
5142,RBM27,10,3
5143,DEK,7,3
5144,TNRC18,8,2
5145,RRM2B,7,1
5146,HIBADH,8,1
5147,TBC1D9,9,1
5148,CPEB1,19,2
5149,CPM,11,2
5150,PPTC7,6,3
5151,PHF14,19,2
5152,MUT,1,1
5153,RNF135,2,1
5154,GTF2I,7,4
5155,PPID,20,1
5156,SMCHD1,18,4
5157,RPL12,20,6
5158,DNAJC2,1,1
5159,CAV2,16,1
5160,PCYT2,7,4
5161,TOMM20,4,6
5162,PLEKHA3,19,4
5163,C15orf52,4,3
5164,LRRC8D,2,2
5165,CDH1,7,21
5166,SRPK2,5,3
5167,TBC1D10B,2,2
5168,TPM3,10,4
5169,CLINT1,1,2
5170,KDELC1,1,1
5171,APBB2,9,1
5172,NCBP2,4,2
5173,BSG,7,3
5174,STK39,7,2
5175,CDKN2B,7,2
5176,SLC35A1,1,1
5177,DAZAP1,3,3
5178,ASB7,9,1
5179,VAC14,19,1
5180,CPSF3L,20,1
5181,KRAS,15,7
5182,C1orf109,5,2
5183,KCTD7,10,1
5184,CXXC5,9,1
5185,PTPN9,3,1
5186,PDK1,14,4
5187,LIN37,3,1
5188,MED14,20,1
5189,PAN3,16,2
5190,IBTK,10,1
5191,EIF4G2,10,5
5192,RAB32,11,3
5193,FKBP14,5,3
5194,SLC35A5,15,2
5195,KIAA0930,20,1
5196,MRPL42,19,2
5197,SLC37A4,14,3
5198,PDIA6,5,1
5199,ZNF644,4,4
5200,MAGEA2,8,1
5201,RBM26,8,1
5202,CDK6,13,16
5203,LSM3,1,1
5204,C14orf2,10,1
5205,CEP55,16,4
5206,COX4I1,10,1
5207,POLR3A,3,2
5208,CSRP2,16,2
5209,IER2,7,1
5210,BTG3,15,1
5211,SATB2,4,4
5212,FAF2,21,2
